PASS public publication boundary: 18 public pages, 33 retired pages, candidate source excluded, exactly the digest-pinned released ZIP
PASS Pages build-output audit: 317 exact inventory files plus fixture/staging/mutation/missing/non-regular/arbitrary-asset adversarial cases
PASS static site: 419 JS, 19 JSON, 77 inline scripts, 99 local asset references
hex-colour-integrity: OK (build b868; scanned 471 files; 50 at-risk colours; 11 pinned)
boot-script-budget: OK (252 feature scripts, ceiling 252; 168 eager / 84 deferred, eager ceiling 168; 58 document-wide observers, 215 intervals)
public-preview-policy.test.js: all assertions passed
public-preview-runtime.test.js: all assertions passed
PASS preview route canonicalize: dirty preview links reach the sample day through the exact fail-closed route — no loosened boundary, no loop, no login wall
PASS public preview integration: earliest fail-closed policy, memory-only canonical runtime, reviewed publication assets, hosted gate unchanged
PASS homepage self-guided preview: 3 safe sample-day CTAs plus preserved guided demo
PASS public release truth: synthetic boundary, honest storage/legal/install claims, no silent location or unsupported offer
PASS public release preflight: exact bytes/build/revision, safe copy, GET-only network boundary, readiness and signup-manifest fail-closed checks
PASS expert public release boundary: explicit release required, held markers rejected, directory and detail fail closed
PASS sensitive public workflows: 6 pages, immediate URL scrub and private fetch runtime verified
PASS opt-out failure recovery: transient faults stay recoverable, retired links stay honest, a failed save never reads as consent withdrawn
PASS sensitive session boundary: early URL scrub, fragment handoffs, retired mic path, network-only navigation, 6 derived storage keys, and both audio DB purges
PASS same-tab UI account isolation: A -> logout -> B clears PHI/modals/intake/prompts, restores role markup, and reconciles account-gated menu rows
PASS same-tab owner upgrades: dirty work defers visibly, idle reloads once without loops, current owners clear receipts, stale loaders/tags and voice self-guards upgrade exactly once
PASS calendar session ownership: A -> logout -> B clears rows/providers/date synchronously and late A responses cannot repaint B
PASS session account/date ownership: production and staging adopt B before reset listeners, preserve previous A, and resolve B-local Today synchronously
PASS session idle cross-tab: account-wide activity ledger holds background tabs, recording holds the timer, a genuinely idle account still locks, and eviction requires a confirmed 401
PASS visit session clinical reset: Easy, DaySwitch, pull state, provider/date selection, patient lock, and binding clear synchronously at account boundary
PASS feature account isolation: Status Center and Assistant reset synchronously across A -> logout -> B, abort stale work, and rebuild account-owned state
PASS review finder security boundary: explicit scans, POST/no-store, safe HTTPS review links, inert pasted text, single live scrape-cache key
PASS expert marketplace review boundary: private draft, pending review, exact release status, no live intake/checkout, hardened fetches
PASS local clinical library boundary: 6 same-origin assets across 268 reachable production scripts
PASS sensitive 2FA and phone QR payloads are rendered locally with no network path
PASS athena write contract: typed routes, fail-closed holds, no false persistence, no legacy finalization
write-confirm-requires-change: PASS
PASS one canonical stop: every engine reachable, every surface routed, no captureBtn round-trip in stopRecordingOnly, phone session is live on the pill
PASS deselect releases the visit: the live engine now listens for mls:active-patient-changed and, on the EMPTY transition only, drops S.appt/S.locked and returns home - refusing with an explanation while recording, guard ordered BEFORE any clear, and never touching note or transcript text
PASS schedule row links the chart: exact match still runs first, then a canonical first|last fallback gated on an AGREEING date of birth and a UNIQUE match; 6 real athenaOne name shapes now resolve to one chart (4 of which the old exact-string rule missed, which is why the banner showed a patient while every chart-grounded guard reported none), and single-token/empty names still yield no key
PASS default note format: generation shows the body that matches currentFormat, demotes honestly when no insurance body exists, and setFormat swap semantics are intact
PASS settings scheduling API: card lives in Integrations, readiness is a measured /fhir/metadata probe (success wording only in the 200 branch), loads are card-open lazy, keys generate scope-aware through the one genApiKey flow with a schedule.read default, webhooks post criteria and show delivery telemetry, and the examples teach _lastUpdated + X-MLS-Signature
  ok   0: both modules installed and injected a stylesheet
  ok   A: each tab owns at least one panel and no panel is owned twice
  ok   B: every panel the strip owns has a hide path, and the roster is complete
  ok   C: the selected tab is exposed programmatically, not by colour alone
  ok   D: exactly one section's panels are visible per tab
  ok   E: no two visible studio panels share a grid cell, at any viewport
  ok   F: the same resolver DETECTS the shipped defect (this suite is not vacuous)

studio-tabs-show-one-panel: all assertions passed
  pass  the stage never falls back to Prep once recording has happened
PASS visit-stage-rail-fills: 5 stages render as complete/current/upcoming with completed circles staying filled, the connector fill equals the stage index (0/4 -> 4/4), aria-current="step" marks exactly one stage beside a visually-hidden state word, the rail reuses only the shell greens on canonical motion tokens and clears its transitions under prefers-reduced-motion, and 50 unchanged renders performed 0 DOM writes and 0 node operations in a counting stub DOM (first render: 99 writes / 108 ops; one unguarded repaint: 10 ops)
  pass  matcher self-test: the embedded override reaches the card
  pass  matcher self-test: a DESCENDANT room rule would reach it (the old bug)
  pass  matcher self-test: a CHILD room rule must NOT reach it (the fix)
  pass  matcher self-test: nor the child entrance animation
  pass  matcher self-test: its own parent, as a child step
  pass  matcher self-test: the panel is the grandparent, not the parent
  pass  matcher self-test: the reparented container still carries modal-bg.show
  pass  matcher self-test: an unrelated dialog must not match
  pass  matcher self-test: tag+class on the element itself
  pass  matcher self-test: an ancestor tag step
  pass  matcher self-test: the room card is the child here, not this one
  pass  ScribeFlow.html ships at least one <style> block
  pass  at least one shipped rule reaches the embedded Templates card
  pass  the room full-screen rule is still in the stylesheet (suite is not testing a deleted feature)
  pass  LAYER 1: room rule is scoped so it cannot reach a nested card: #opPrepModal.opr-room.show > .modal
  pass  LAYER 1: room rule is scoped so it cannot reach a nested card: #opPrepModal.opr-room > .modal
  pass  LAYER 2: the embedded-presentation override is present and reaches the card
  note  3 .modal selector(s) out of matcher scope (pseudo/attr): #settingsModal .modal::-webkit-scrollbar | #settingsModal .modal::-webkit-scrollbar-track | #settingsModal .modal::-webkit-scrollbar-thumb
  pass  the embedded Templates card has no fixed height (the panel owns scrolling)
  pass  the embedded Templates card has no max-height ceiling
  pass  no height constraint, so overflow cannot cut anything off (resolved overflow = visible)
  pass  the embedded Templates card lays out as normal flow, not as the room column
  pass  the FLOATING .modal keeps max-height:90vh + overflow:auto (fallback posture unharmed)
  pass  the Templates card markup is locatable
  pass  still present: the template Name field (#tplName)
  pass  still present: the keywords / specialty tags field (#tplKeywords)
  pass  still present: the file picker (Word / PDF / image / text) (#tplFileInput)
  pass  still present: the drag-and-drop zone (#tplDropZone)
  pass  still present: the editable extracted-text area (#tplText)
  pass  still present: the template search box (#tplSearch)
  pass  still present: the two-pane workspace (#tplWorkspace)
  pass  still present: the saved-templates list (#tplList)
  pass  still present: the preview / edit detail pane (#tplDetail)
  pass  still wired: Type or paste below
  pass  still wired: Save template
  pass  still wired: Clear
  pass  still wired: Rename by note type
  pass  still wired: Remove duplicates
  pass  still wired: Close
  pass  #tplList keeps its own inner scroller (a long list must not stretch the page)
  pass  #tplDetail stays sticky on desktop (preview holds while the list scrolls)
  pass  on a phone the sticky is cleared (nothing to stick to in one column)

PASS  templates-panel-scrolls: the embedded card is scrollable to its last control, and nothing was removed to get there.
  pass  the pending-state table is shipped in mls-connect.js
  pass  rowsHtml follows the pending-state table
  pass  the renderer body brace-matches (extract is complete, not truncated)
  pass  exactly one pending-state table ships (no dormant second copy drifting)
  pass  the shipped renderer evaluates and is callable
  pass  instrument check: the check glyph is findable in the rendered output
  pass  saved / in-progress / failed all render differently
  pass  a completed row reads as saved
  pass  AN IN-PROGRESS ROW DOES NOT CARRY THE FAILURE CLASS
  pass  an in-progress row carries no warning glyph
  pass  an in-progress row has its own neutral state class
  pass  the machine word "finishing" is not what he reads
  pass  an in-progress row says, in plain words, that it is being read
  pass  progress reason treated as in-progress: "finishing"
  pass  progress reason treated as in-progress: "finishing…"
  pass  progress reason treated as in-progress: "reading"
  pass  progress reason treated as in-progress: "reading chart"
  pass  progress reason treated as in-progress: "pending"
  pass  progress reason treated as in-progress: "queued"
  pass  progress reason treated as in-progress: "in-progress"
  pass  progress reason treated as in-progress: "in progress"
  pass  progress reason treated as in-progress: "working"
  pass  progress reason treated as in-progress: "started"
  pass  progress reason treated as in-progress: "starting"
  pass  progress reason treated as in-progress: "opening"
  pass  progress reason treated as in-progress: "waiting"
  pass  an explicit pending flag overrides the reason text
  pass  A GENUINE FAILURE STILL WARNS
  pass  failure "open-failed" is explained in plain words
  pass  failure "open-failed" still carries the failure class
  pass  failure "read-failed" is explained in plain words
  pass  failure "read-failed" still carries the failure class
  pass  failure "identity-mismatch:someone-else" is explained in plain words
  pass  failure "identity-mismatch:someone-else" still carries the failure class
  pass  a failure with no reason at all still says something honest rather than nothing
  pass  an UNRECOGNISED reason stays a failure (quieting must never hide a real one)
  pass  patient names are still escaped (this HTML is built by concatenation)
  pass  a .pp-wait colour rule ships (an unstyled class would inherit the failure colour)
  pass  the new state is styled in dark theme too

PASS  pull-rows-say-done-not-warning: in-progress reads as in-progress, done reads as done, and a real failure still warns.
  pass  ScribeFlow.html ships max-width media blocks to protect
  pass  the op-note room narrow rule is still in ScribeFlow.html (the one that was being overridden)
  pass  feat_mls_opnote_room.js: skin CSS extracted
  pass  feat_mls_opnote_room.js: extractor can see the rule that caused the bug
  pass  feat_mls_opnote_room.js: unconditioned declarations parsed
  pass  feat_mls_opnote_room.js: no unconditioned skin rule overrides a narrow @media rule
  pass  feat_mls_opnote_templates_ui.js: stylesheet obtained by EXECUTING the module
  pass  feat_mls_opnote_templates_ui.js: the executed stylesheet contains the rules under test (not vacuous)
  note  205 rule(s) target a tag/class rather than an id; not comparable this way
  pass  feat_mls_opnote_templates_ui.js: no unconditioned rule out-specifies a narrow @media rule
  pass  at least one skin selector was compared against a narrow rule (suite is not vacuous)
  pass  the 312px desktop sidebar (#oprPanelProcs grid-template-columns) is gated behind a min-width guard
  note  #oprRowNav no longer sets max-height at all (also fine)

PASS  runtime-skin-cannot-outrank-responsive: every unconditioned runtime rule leaves the narrow rules able to apply.
  pass  the checklist sends a real mlsPing over the app bridge
  pass  it only accepts a reply that identifies itself as coming from the extension
  pass  it listens for mlsPong specifically
  pass  connTruth() is present
  pass  A PONG PINS THE CONNECTION ROW TO OK BEFORE ANY INDIRECT PROBE IS CONSULTED
  pass  the pong short-circuit precedes the no-extension branch
  pass  the no-extension branch itself defers to the bridge
  pass  AN ATHENA FAILURE VERDICT BECOMES "CHECKING" WHILE THE BRIDGE IS ANSWERING
  pass  the rendered state uses the downgraded value, not the raw one
  pass  the bridge probe is kicked alongside the existing probes
  pass  the pong listener is removed once it fires (and on timeout)
  pass  no polling interval was introduced
  pass  the pong verdict is time-bounded rather than cached forever

PASS  checklist-cannot-accuse-on-uncertainty: the bridge is the truth, and an uncertain probe shows "checking" instead of blaming the doctor.
  pass  instrument: the structural reader found #opPrepModal
  pass  instrument: the reader resolves the room hierarchy
  pass  instrument: #tplList reads as a child of #tplWorkspace (true by inspection)
  pass  CONTRACT 1: #opPrepList is a direct child of #oprEditor (carries the Prev/Next pager)
  pass  CONTRACT 4: #tplList has a parent that can accept the template-health panel as a sibling
  pass  #tplList and #tplDetail remain siblings (the two-pane workspace)
  pass  CONTRACT 2: the Fields box is still located via the textarea previous-sibling slot
  pass  CONTRACT 2: #opPrepNote_<i> is still the id shape the Fields box binds to
  pass  CONTRACT 3: the template-health badge still resolves through select#opPrepTpl_<i>.parentElement
  pass  id survives: #opPrepModal
  pass  id survives: #opPrepHdr
  pass  id survives: #oprBack
  pass  id survives: #oprTabProcs
  pass  id survives: #oprTabTpls
  pass  id survives: #oprPanelProcs
  pass  id survives: #oprDayRail
  pass  id survives: #oprEditor
  pass  id survives: #oprPanelTpls
  pass  id survives: #opPrepModeRow
  pass  id survives: #opPrepModePatient
  pass  id survives: #opPrepModeAll
  pass  id survives: #opPrepDayRow
  pass  id survives: #opPrepList
  pass  id survives: #opPrepGenAllBtn
  pass  id survives: #templatesModal
  pass  id survives: #tplName
  pass  id survives: #tplKeywords
  pass  id survives: #tplFileInput
  pass  id survives: #tplDropZone
  pass  id survives: #tplText
  pass  id survives: #tplSearch
  pass  id survives: #tplWorkspace
  pass  id survives: #tplList
  pass  id survives: #tplDetail
  pass  dynamic grip still referenced: opPrepNote_* (by feat_mls_opnote_fill.js)
  pass  dynamic grip still referenced: opPrepTpl_* (by feat_mls_opnote_fill.js)
  pass  dynamic grip still referenced: opPrepPrev_* (by feat_mls_opnote_integrity.js)
  pass  dynamic grip still referenced: opPrepStatus* (by feat_mls_opnote_prep.js)
  pass  the new UI module never mutates a gripped subtree
  pass  the new UI module observes no whole-document subtree
  pass  the new UI module runs no interval (hidden-tab timers are frozen in this app)
  pass  the new UI module ships a reduced-motion off-switch
  pass  the new UI module is revertable
  pass  the new UI module takes over from the old oprSkin rather than stacking on it

PASS  opnote-templates-grips-survive-redesign: every gripped node and all four structural contracts intact.
PASS closest-guess never invents a procedure: 4 refusals fenced (no-procedure, two-procedure, no-signal, family-narrowing), guess sourced from the procedure text only, flag written at 7 call sites, warn-not-error toast, standing amber line on the card.
PASS sign refusal survives the repaint: 4 sign drivers guard their repaint, 3 candidate editors in visible-first order, and a refusal still writes nothing.
PASS cache token cannot go stale: 35 hand-maintained token(s) checked against their own file history (of 131 found), 0 stale.
PASS glass is one vocabulary: both fixed/sticky edge surfaces (dock, header) carry saturate(180%) blur(20px); the header tint is mixed from var(--header) so it follows the theme; gated on @supports for backdrop-filter AND color-mix with the opaque rule first; clinical severity toasts stay solid.
  pass  the room module runs against a stub DOM
  pass  the module installed and exposed its api
  pass  RAIL ITEMS ARE REAL BUTTONS (they were plain divs, which nothing could click)
  pass  each item carries its template id, so a click knows WHICH template it is
  pass  THE RAIL HAS A CLICK HANDLER
  pass  ALL templates are listed, not the first six with "+N more"
  pass  the applied template says so IN WORDS, not by highlight alone
  pass  the applied template is machine-readable for a screen reader
  pass  each template offers a way to open and edit it ("change them if I want")
  pass  CLICKING A TEMPLATE APPLIES IT TO THE PROCEDURE ON SCREEN
  pass  the pick is recorded as the doctor's, not an auto-match
  pass  it drives the EXISTING select#opPrepTpl_<i> rather than a second write path
  pass  a real change event is dispatched, so every satellite watching that select still behaves
  pass  the doctor is told what happened
  pass  AN EDITED DRAFT IS NOT SWITCHED ON THE FIRST CLICK
  pass  the rail SAYS a second click will switch, in place
  pass  and he is told why nothing happened yet
  pass  the SECOND click switches it, so the guard is a confirmation and not a wall
  pass  his text is untouched either way
  pass  the follow-mode control is built into the rail
  pass  three named modes are offered
  pass  the active mode is machine-readable
  pass  the default is marked so a doctor is not left guessing
  pass  each mode explains what it will DO, visibly — not only in a title attribute
  pass  the mode control is wired
  pass  CONFIRMING THE ALREADY-APPLIED TEMPLATE RECORDS IT AS A MANUAL PICK
  pass  and the template itself is unchanged
  pass  and he is told it is locked in, rather than nothing happening
  pass  a pick is applied
  pass  HIS PICK IS RESTORED AFTER A REBUILD (mode switch / day change / reopen)
  pass  and it is still flagged as his, so auto-match leaves it alone
  pass  A ROW HE NEVER PICKED IS LEFT TO THE AUTO-MATCHER ("Still keep auto templates tho fs")
  pass  the rail answers Enter/Space, so the Edit control is not keyboard-dead
  pass  the generator READS the stored mode (a preference nothing reads is a fake feature)
  pass  THE MODE APPENDS A REAL CLAUSE TO THE LIVE SYSTEM PROMPT
  pass  the DEFAULT mode adds no clause, so it is provably identical to prior behaviour
  pass  THE GATE IS RELAXED TO MATCH THE LOOSER MODE
  pass  the relaxation is recorded on the result rather than hidden
  pass  GUARDRAIL: "never invent a fact" is still in the live prompt
  pass  GUARDRAIL: the looser clause restates the anti-fabrication rule rather than weakening it
  pass  the looser mode still promises to keep headings — which is what the un-relaxed
        heading check then enforces
  pass  the looser clause repeats the factual constraints explicitly

PASS  opnote-template-rail-is-clickable: the rail is a control, an edited draft is protected, and the follow-mode is real in the prompt AND the gate.
  pass  A: the Fields box is still located by the textarea PREVIOUS-SIBLING slot
  pass  A: it still binds to the #opPrepNote_<i> id shape
  pass  A: the renderer still emits that exact id shape
  pass  A: the note textarea markup is locatable
  pass  B: the blank-token scanner exists
  pass  B: the post-draft reconcile step exists (it adds any [[key]] the model emitted but did not list)
  pass  B: and it RUNS on the draft path, not just as a definition
  pass  B: the [[snake_case]] placeholder vocabulary is still in the live prompt
  pass  C: the follow-mode clause table is present
  pass  C: strict and guide contribute real clauses
  pass  C: the DEFAULT mode contributes nothing, so the blank mechanism it has always
        used is untouched for anyone who never opens the control
  pass  C: THE STRICT CLAUSE POSITIVELY REQUIRES PLACEHOLDERS
  pass  C: the strict clause never licenses inventing a value
  pass  C: the guide clause never licenses inventing a value
  pass  C: the looser clause restates the anti-fabrication rule explicitly
  pass  C: the network-layer STRICT DICTATION RULE and its [FILL: ...] token survive
  pass  D: the rebuild stylesheet was obtained by execution
  pass  D: the rebuild does restyle the Fields box (not vacuous)
  pass  D: NO rebuild rule hides, clips or un-clicks the Fields box or its fields
  pass  D: the fill-in fields are not shrunk below a legible size
  pass  D: the per-field "Use every time" action row is still styled (it exists and is reachable)

PASS  fill-in-the-blank-survives: the slot contract, the token vocabulary, the anti-fabrication rules and the Fields box are all intact across every follow-mode.

1. "This patient" mode (a single row)
  pass  1a: the fill module installed
  pass  1b: the Fields box is the note textarea's previous element sibling
  pass  1c: it names the fields rather than rendering empty
  pass  1d: one control per [FILL:] token (3)
  pass  1e: nothing threw while building it

2. "All scheduled patients" mode (the reported defect)
  pass  2a: EVERY drafted patient has a Fields box after the day is drafted
  pass  2b: patient 1 — the one the room opens on — has one
  pass  2c: it is not the last-row-only shape the id-keyed cache produced
  pass  2d: five more ticks leave every box standing

3. the room loaded, .opr-solo actually applied
  pass  3a: the room wrapped opPrepRender (its onf tick kick is live)
  pass  3b: the room really did apply the presentation-hide class
  pass  3c: every card still has its Fields box WITH .opr-solo on
  pass  3d: the box is INSIDE the card, so `#opPrepList.opr-solo > div` cannot select it
  pass  3e: box and textarea share one parent — the card

4. the previous-sibling contract survives
  pass  4a: exactly ONE .onf-fillbox per card — no duplicates from the rebuilds
  pass  4b: the textarea was neither wrapped nor reparented
  pass  4c: N boxes for N drafted rows, no orphans left in the document

5. once settled, the tick rebuilds nothing
  pass  5a: ten idle ticks rebuild ZERO boxes
  pass  5b: (setup) row 1 had a box to remove
  pass  5c: (setup) it is gone
  pass  5d: one tick brings a vanished box back

PASS the Fields box shows in BOTH op-note modes (single patient and all scheduled)

0. the onchange-only lookup finds nothing in the shipped markup
  pass  0a: (setup) the modal holds one Procedure input per row
  pass  0b: the OLD onchange lookup matches ZERO inputs — the dead guard
  pass  0c: the id shape the fix keys off matches every row

1. assign a template in bulk, then look at the card
  pass  1a: (setup) the fill module installed
  pass  1a2: (setup) the bulk template picker is on screen
  pass  1a3: (setup) every row took the template
  pass  1a4: (setup) the inputs are still blank — nothing repainted the cards
  pass  1b: the visible Procedure input carries the assigned procedure
  pass  1b2: and row.proc agrees with what is on screen
  pass  1c: the card's live preview repainted — the app was notified as if typed
  pass  1d: _opProcChanged fired exactly once per row, with that row's index

2. an input the doctor already typed into is left alone
  pass  2a: the typed text is still exactly what he typed
  pass  2b: and his row was not rewritten behind him either
  pass  2c: no change event was raised for the row he owns
  pass  2d: the untouched row beside it still gets filled

3. a row with no procedure keeps an empty input
  pass  3a: both inputs are still empty
  pass  3b: and nothing was announced to the app

4. each input gets its OWN row's procedure
  pass  4a: every input shows its own row's procedure
  pass  4b: and every notification carried the matching index

5. the fallback covers the renderers that emit no id
  pass  5a: noid markup (no id, oninput) fills from the inline handler
  pass  5b: legacy markup (no id, onchange) fills from the inline handler

6. once filled, the 1s tick writes nothing more
  pass  6a: (setup) the first tick filled all three
  pass  6b: ten further ticks raise ZERO extra events
  pass  6c: and the values are still standing

7. ScribeFlow.html still emits the shape this fill keys off
  pass  7a: the Procedure input still carries id="opPrepProc_<i>"
  pass  7b: its handler is still bound to `input`
  pass  7c: nothing binds _opProcChanged to `change` — the attribute the old lookup read
  pass  7d: fillProcInputs resolves its row through procRowIndex, not a bare onchange read
  pass  7e: the onchange-only lookup is gone

PASS the visible Procedure input is filled from row.proc, and typed text is never overwritten
  pass  the source sweep found the shipped files
  pass  trigger classes were harvested from the shipped modules
  pass  EVERY module-owned trigger class this app styles is actually SET somewhere
  pass  non-vacuity: body.mls-note-live is in scope (it was the worst offender - styled by four modules, set by none)
  pass  body.mls-note-live now has a real writer
  pass  the patient-swap moment now has a real writer
  pass  the magic layer listens to a real app event rather than waiting for a class nobody sets

PASS  styled-trigger-classes-have-writers: no module styles a trigger class that nothing turns on.
  pass  the magic layer installs
  pass  it emits a stylesheet
  pass  before anything happens, no note is claimed to be live
  pass  A FAILED GENERATION IS NOT CELEBRATED (settled, but no note on screen)
  pass  A NOTE ARRIVING SETS body.mls-note-live
  pass  and the note card gets its arrival moment
  pass  a SECOND note replays the moment (the class is re-applied, not assumed)
  pass  CHANGING PATIENT ARMS THE BANNER CROSSFADE
  pass  and the app stops claiming a note is live for a patient who has none
  pass  a bounded fallback is armed so the swap class cannot latch
  pass  THE SWAP CLASS CLEARS ITSELF - a latched animation class is a permanent visual bug
  pass  the fallback is bounded to a sane delay
  pass  no interval - hidden-tab timers are FROZEN in this app, not throttled
  pass  no rAF loop
  pass  no observer - this app has been measured wedging the main thread for minutes
  pass  the stylesheet has animating rules to check (not vacuous)
  pass  nothing transitions a layout property
  pass  the medical record itself is excluded from animation
  pass  a reduced-motion off-switch ships
  pass  EVERY animating selector appears in the reduced-motion off-switch
  pass  opPrepGenerateOne is wrapped at load
  pass  opPrepSave is wrapped at load
  pass  A DRAFT THAT DID NOT LAND IS NOT CELEBRATED (_genSeq unmoved)
  pass  A SAVE THAT DID NOT LAND IS NOT CELEBRATED (_noteId absent)
  pass  A DELIVERED DRAFT SETTLES THE STATUS LINE (fact: _genSeq moved)
  pass  A LANDED SAVE SETTLES THE STATUS LINE (fact: _noteId present)
  pass  revert() unwraps both op-note wraps
  pass  second env: the moment fires
  pass  revert() clears the body class it set
  pass  AND ITS LISTENERS ARE GONE - a reverted module must not keep reacting

PASS  magic-moments-actually-fire: the real events land the real classes on the real nodes, nothing latches, and revert is complete.
  pass  the Templates markup is locatable
  pass  Templates controls were harvested from the markup
  pass  EVERY Templates control names a handler that actually exists
  pass  present: the file picker (#tplFileInput)
  pass  present: the drop zone (#tplDropZone)
  pass  present: the extracted-text editor (#tplText)
  pass  present: the name field (#tplName)
  pass  present: the keywords field (#tplKeywords)
  pass  present: the library search (#tplSearch)
  pass  present: the saved-template list (#tplList)
  pass  present: the preview pane (#tplDetail)
  pass  present: the use-templates switch (#tplUseToggle)
  pass  present: the auto-choose switch (auto templates stay) (#tplAutoChoose)
  pass  wired: Save template
  pass  wired: Clear
  pass  wired: Type or paste
  pass  wired: Rename by note type
  pass  wired: Remove duplicates
  pass  wired: Close
  pass  AT LEAST FIVE NEW ANIMATIONS ARE CLAIMED (6)
  pass  animation EMITTED: mgxCommit  (trigger: buildTplRail writes .on when a template is applied)
  pass    keyframes defined: mgxCommit
  pass    reduced-motion off-switch covers: .opr-tpl-item.on
  pass  animation EMITTED: mgxArm  (trigger: buildTplRail writes .armed on the two-step switch)
  pass    keyframes defined: mgxArm
  pass    reduced-motion off-switch covers: .opr-tpl-item.armed
  pass  animation EMITTED: mgxSheet  (trigger: the renderTplDetail wrapper (executed below))
  pass    keyframes defined: mgxSheet
  pass    reduced-motion off-switch covers: #tplDetail.mgx-arrive
  pass  animation EMITTED: mgxSettleIn  (trigger: the saveTemplateFromForm wrapper (executed below))
  pass    keyframes defined: mgxSettleIn
  pass    reduced-motion off-switch covers: #tplList.mgx-landed
  pass  animation EMITTED: mgxPick  (trigger: buildTplMode writes aria-pressed on every click)
  pass    keyframes defined: mgxPick
  pass    reduced-motion off-switch covers: .opr-tplmode[aria-pressed="true"]
  pass  animation EMITTED: mgxDone  (trigger: the pull row renderer emits .pp-ok for a saved row)
  pass    keyframes defined: mgxDone
  pass    reduced-motion off-switch covers: #mlsPullProgPanel .pp-ok
  pass  the renderTplDetail wrapper returns the base function's value (it wraps, it does not replace)
  pass  THE PREVIEW-SHEET MOMENT FIRES on a real render call
  pass  the saveTemplateFromForm wrapper returns the base value - saving is not broken by the animation
  pass  THE TEMPLATE-LANDED MOMENT FIRES when a template is saved
  pass  the sheet moment REPLAYS on a second selection
  pass  revert() unwraps the app's own functions - no permanent monkey-patch
  pass  and the base function still works afterwards
  pass  no interval (hidden-tab timers are FROZEN in this app)
  pass  no rAF loop
  pass  no observer
  pass  at most ONE infinite animation (the waiting shimmer); an infinite loop keeps the compositor awake all clinic day
  pass  the new keyframes are readable for inspection (6)
  pass  every new keyframe animates transform/opacity only - never a layout property
  pass  the medical record is still excluded from all animation

PASS  templates-ui-proved-working: no dead buttons, six new animations emitted with off-switches, both wrappers executed and unwrapped, and the motion is safe on a clinical surface.
PART A - the module, executed
  pass  the module reports a composed version (ot-2.2.0)
  pass  the ordering sits behind @supports selector(:has(*))
  pass  an UNKNOWN injected child sorts BELOW the library, not above it
  pass  no explicit grid ROW placement survives

PART B - the shipped app, booted
  using C:\Program Files\Google\Chrome\Application\chrome.exe
  pass  instrument: the real Templates tab opened in the real room
  pass  instrument: runtime-injected panels ARE present (this is not a replica)
  pass  the embedded card is still unclipped and unconstrained
  pass  the Templates panel does not scroll sideways
  pass  instrument: the library, its heading and its search all rendered
  pass  THE LIBRARY IS THE FIRST THING UNDER THE TITLE (heading, search, then the library)
  pass  the library comes BEFORE the intake
  pass  the library comes BEFORE the settings
  pass  the library comes BEFORE the standard-line editor (the 451px panel that broke the last build)
  pass  Close is last
  pass  inside the library, the LIST and the PREVIEW come before anything injected into the same container
  pass  the tab still presents its full control set (57)
  pass  the Templates tab opens at the top of the panel
  pass  the saved-template library is on screen the moment the tab opens
  pass  both library keyframes are defined in the live stylesheet
  pass  the library rows really animate in when the tab opens
  pass  the staggered per-row delay rules ship in the library source
  pass  the entrance is staggered, so the library settles in rather than snapping
  pass  typing in the search box does NOT replay the entrance

PASS  templates-tab-layout-proved: in the REAL app, the library is the first thing on the Templates tab and every injected panel sorts below it.

1. install + rails
  pass  the room module loads and runs against the stub DOM
  pass  it exposes window.__mlsOpNoteRoom, installed
  pass  the room skin stylesheet is installed (feat_mls_opnote_room.js:92)
  pass  PATIENT RAIL: one .opr-nav-item per row, built by the module boot (no test-only rebuild)
  pass  the rail counts the patients in words
  pass  every patient row carries a STATUS WORD, not only a coloured dot
  pass  the three distinct row states are each named correctly (not drafted / needs a template / N blanks)
  pass  TEMPLATE RAIL: one button per template
  pass  each rail item is a real <button>
  pass  exactly one template is marked in use for the selected row
  pass  each template offers an Edit affordance
  pass  FOLLOW-MODE control exists (#oprTplMode, created by the module)
  pass  it offers exactly three options
  pass  the three options are strict / adapt / guide
  pass  exactly one mode reads as active
  pass  RECEIPT names the context that will ground the draft for the selected patient
  pass  and it is shown
  pass  PAGER is built for a multi-row day
  pass  the pager says where he is
  pass  all-day mode shows ONE card at a time (.opr-solo on #opPrepList)

2. patient nav click
  pass  clicking a .opr-nav-item marks THAT row current in the rail
  pass  .opr-cur moves to that row card
  pass  and the pager position follows
  pass  the receipt re-targets to the newly selected patient
  pass  the selected card is scrolled into view
  pass  clicking a different patient moves it back
  pass  exactly ONE card is current at any moment (the old .opr-cur is removed)

3. pager
  pass  at the first patient Prev is disabled
  pass  and Next is live
  pass  Next advances one patient
  pass  Next advances again
  pass  at the last patient Next is disabled
  pass  a forced Next at the end CLAMPS instead of running off
  pass  Prev walks back to the first patient
  pass  a forced Prev at the start CLAMPS

4. arrow-key navigation
  pass  the module binds TWO window keydown handlers (Esc ownership + arrow nav)
  pass  ArrowDown moves to the next patient
  pass  and the key is consumed so the page does not also scroll
  pass  ArrowRight moves forward too
  pass  at the end ArrowDown does nothing (no wrap, no crash)
  pass  ArrowUp moves back
  pass  an arrow key inside a TEXTAREA is IGNORED - typing in a note never jumps patient
  pass  same inside an INPUT (a Fields-box value)
  pass  ArrowLeft moves back to the first patient

5. tabs / Edit / Esc
  pass  PROCEDURES TAB has a click handler after install (it was a dead control before b797)
  pass  clicking Edit on a rail item selects THAT template for editing
  pass  and it opens the Templates surface
  pass  the Templates modal is embedded in the room panel rather than floating over it
  pass  the Templates tab is fronted
  pass  and the Procedures panel is hidden while it is open
  pass  ESC on the Templates tab closes Templates
  pass  and the ROOM survives that Esc (the room-closing handler is stopped)
  pass  the event is stopped so the pinned room-closer never sees it
  pass  closing Templates returns to Procedures
  pass  reopened Templates
  pass  PRESSING PROCEDURES RETURNS TO THE PROCEDURE LIST
  pass  and it closes the Templates modal on the way out
  pass  the tabs report their state to a screen reader
  pass  Enter on the Edit affordance opens that template (it is a span[role=button][tabindex=0])

6. template rail
  pass  clicking a template APPLIES it to the row on screen
  pass  and records it as the doctor pick, not an auto-match
  pass  it drives the EXISTING select#opPrepTpl_0 rather than a second write path
  pass  a real change event is dispatched so every satellite on that select still runs
  pass  the doctor is told what happened
  pass  the rail redraws with the new template marked in use, in words
  pass  CONFIRMING THE ALREADY-APPLIED TEMPLATE RECORDS A MANUAL PICK (the b796 blocker)
  pass  and the template is unchanged
  pass  and he is told it is locked in
  pass  AN EDITED DRAFT IS NOT SWITCHED ON THE FIRST CLICK
  pass  the rail says in place that a second click will switch
  pass  and says why nothing happened
  pass  THE SECOND CLICK SWITCHES IT (a confirmation, not a wall)
  pass  his text is untouched either way
  pass  an arm is CLEARED by changing patient, so it can never fire on the wrong row
  pass  the pick is restored after a rebuild (day change / mode switch / reopen)
  pass  and a row he never picked is left to the auto-matcher
  pass  with NO templates the rail explains itself instead of rendering an empty box

7. follow-mode
  pass  the DEFAULT mode is adapt and nothing is written until he chooses
  pass  clicking "Follow it closely" persists strict
  pass  and the control reads back the stored value
  pass  and it confirms only AFTER reading the value back
  pass  guide persists and reads back
  pass  adapt persists and reads back
  pass  no false failure toast when the write really landed
  pass  a DROPPED write is reported as a failure instead of a fake "saved"

8. render wrap
  pass  window.opPrepRender is wrapped once, with its original kept for revert
  pass  the wrap calls the base render and returns its value
  pass  it kicks the Fields-box tick SYNCHRONOUSLY (the occluded-tab law - no timer can be trusted)
  pass  and it rebuilds the rails after every list render
  pass  and re-marks the current card so the solo view is never blank

9. idempotence
  pass  loading the module a SECOND time does not throw
  pass  it does not double-bind the window keydown handlers
  pass  the same api object is still installed
  pass  opPrepRender is not double-wrapped (no wrap of a wrap)
  pass  only one #oprSkin stylesheet exists
  pass  and the rails are still wired after the second load
  pass  a click after the second load still moves exactly one selection

10. revert
  pass  the wraps keep a handle on the originals
  pass  revert restores the original opPrepRender
  pass  revert restores openTemplates / closeTemplates
  pass  revert restores the procedure openers
  pass  revert removes BOTH window keydown handlers
  pass  revert removes the room skin stylesheet
  pass  revert removes the pager it created
  pass  revert removes the follow-mode box it created
  pass  revert drops the solo presentation class
  pass  revert empties the patient rail AND detaches its click handler
  pass  revert empties the template rail AND detaches its click handler
  pass  revert clears the receipt
  pass  revert unwires the Procedures tab
  pass  revert removes the api from window
  pass  revert also detaches the template rail KEYDOWN handler
  pass  the module re-installs cleanly after a revert
  pass  and reports installed again
  pass  re-install re-binds exactly two keydown handlers

11. edge postures
  pass  a SINGLE-patient day loads
  pass  single-patient mode draws no patient rail (nothing to navigate)
  pass  and no pager
  pass  and no solo class, so the one card shows
  pass  but the template rail is still there and still usable
  pass  and a template still applies with one patient
  pass  an arrow key with one patient is a no-op, not a crash
  pass  an EMPTY day loads without throwing
  pass  the receipt hides itself when there is no row to describe
  pass  clicking a template with no procedure open REFUSES OUT LOUD instead of silently doing nothing
  pass  the module loads with the room CLOSED
  pass  and builds no rails until the room is open (no work in a closed modal)
  pass  opening the room and rebuilding fills the rails
  pass  an UNRESOLVED patient is named as unverified rather than claimed as context
  pass  no toast in the whole walk printed undefined / NaN / [object Object]

12. selection clamp across a multi-row -> single-row rebuild
  pass  he is on the third patient and the receipt names that patient
  pass  the template rail still applies to the one remaining row (curRow falls back to 0 at :371)
  pass  THE CONTEXT RECEIPT SURVIVES A DROP TO A SINGLE PROCEDURE

PASS  opnote-room-walkthrough-runtime: every control in the op-note room was pressed and did what it says.

PART A - the stacking law, resolved from the shipped stylesheets
  pass  ScribeFlow.html ships at least one <style> block
  pass  specificity self-test: #mlsDock is (1,0,0)
  pass  specificity self-test: an :has()-scoped rule outranks a bare id rule
  pass  specificity self-test: the room clearance outranks the ot3 skin that sets the same padding
  pass  the .modal-bg backdrop still declares a z-index (suite is not testing a deleted feature)
  pass  feat_mls_calm_shell.js still declares the dock z-index
  pass  the defect is still structurally possible: the modal layer (9400) outranks the dock (920), so the lift below is doing real work
  pass  ScribeFlow.html declares a z-index for #mlsDock
  pass  the dock lift is SCOPED to the op-note room being open
  pass  the lift out-specifies the calm shell rule on RANK, not on append order: html:has(#opPrepModal.opr-room.show) #mlsDock
  pass  the lift wins without !important: html:has(#opPrepModal.opr-room.show) #mlsDock -> 9401
  pass  the lifted dock sits ABOVE the modal layer: 9401 > 9400
  pass  the room-does-not-trap block is present in the stylesheet
  pass  the fix never writes display - it is stacking and spacing only
  pass  #mlsToolsMenu is lifted with the dock (a button that opens a panel BEHIND the room is the same trap)
  pass  #copilotDock is lifted with the dock (a button that opens a panel BEHIND the room is the same trap)

PART A - the room gives the dock its space
  pass  both scrolling regions of the room reserve room for the dock
  pass  the clearance outranks the ot3 skin that owns this padding: html:has(#opPrepModal.opr-room.show) #oprEditor
  pass  the clearance outranks the ot3 skin that owns this padding: html:has(#opPrepModal.opr-room.show) #oprPanelTpls
  pass  --opr-dock-clear has a NARROW default on the room itself
  pass  --opr-dock-clear is overridden above the DOCK breakpoint, @media (min-width:761px)
  pass  the wide clearance is larger than the narrow one (the dock is taller there): calc(104px + env(safe-area-inset-bottom,0px) + var(--mls-kbd,0px)) -> calc(124px + env(safe-area-inset-bottom,0px) + var(--mls-kbd,0px))
  pass  the clearance follows the dock over a home indicator AND an iOS keyboard
  pass  the day rail reserves room for the dock too
  pass  the day rail clearance is GATED to @media (min-width:901px) - the ROOM breakpoint

PART A - a dock destination actually leaves the room
  pass  the dock-leave handler is present and named
  pass  it is a CAPTURE-phase click listener, so it runs before the calm shell own handler
  pass  it is keyed on a dock DESTINATION button, not on the whole dock
  pass  Tools is exempt: it opens a menu and navigates nowhere, so the room stays open under it
  pass  it closes through the room own closeOpPrep(), not by writing a style
  pass  the handler writes no inline style at all

PART B - executed at 1440x900 and 390x844, in a PHI-free replica
  pass  1440x900 procedures: the dock is rendered
  pass  1440x900 procedures: the dock is HIT-TESTABLE at its centre
  pass  1440x900 procedures: all 7 dock buttons hit-test to themselves
  pass  1440x900 procedures: the dock is stacked above the modal layer
  pass  1440x900 procedures: the panels the dock opens come up with it
  pass  1440x900 procedures: the room ‹ Back button is >=44px and hit-testable
  pass  1440x900 procedures: the room close ✕ is >=44px and hit-testable
  pass  1440x900 procedures: oprEditor still scrolls
  pass  1440x900 procedures: after scrolling to the bottom, "Copy" clears the dock
  pass  1440x900 procedures: ...and it hit-tests to itself, not to the dock
  pass  1440x900 procedures: the day rail reserves dock clearance (wide)
  pass  1440x900 templates: the dock is rendered
  pass  1440x900 templates: the dock is HIT-TESTABLE at its centre
  pass  1440x900 templates: all 7 dock buttons hit-test to themselves
  pass  1440x900 templates: the dock is stacked above the modal layer
  pass  1440x900 templates: the panels the dock opens come up with it
  pass  1440x900 templates: the room ‹ Back button is >=44px and hit-testable
  pass  1440x900 templates: the room close ✕ is >=44px and hit-testable
  pass  1440x900 templates: oprPanelTpls still scrolls
  pass  1440x900 templates: after scrolling to the bottom, "Close" clears the dock
  pass  1440x900 templates: ...and it hit-tests to itself, not to the dock
  pass  1440x900 templates: the day rail reserves dock clearance (wide)
  pass  390x844 procedures: the dock is rendered
  pass  390x844 procedures: the dock is HIT-TESTABLE at its centre
  pass  390x844 procedures: all 7 dock buttons hit-test to themselves
  pass  390x844 procedures: the dock is stacked above the modal layer
  pass  390x844 procedures: the panels the dock opens come up with it
  pass  390x844 procedures: the room ‹ Back button is >=44px and hit-testable
  pass  390x844 procedures: the room close ✕ is >=44px and hit-testable
  pass  390x844 procedures: oprEditor still scrolls
  pass  390x844 procedures: after scrolling to the bottom, "Copy" clears the dock
  pass  390x844 procedures: ...and it hit-tests to itself, not to the dock
  pass  390x844 procedures: the day rail does NOT waste a phone on clearance
  pass  390x844 templates: the dock is rendered
  pass  390x844 templates: the dock is HIT-TESTABLE at its centre
  pass  390x844 templates: all 7 dock buttons hit-test to themselves
  pass  390x844 templates: the dock is stacked above the modal layer
  pass  390x844 templates: the panels the dock opens come up with it
  pass  390x844 templates: the room ‹ Back button is >=44px and hit-testable
  pass  390x844 templates: the room close ✕ is >=44px and hit-testable
  pass  390x844 templates: oprPanelTpls still scrolls
  pass  390x844 templates: after scrolling to the bottom, "Close" clears the dock
  pass  390x844 templates: ...and it hit-tests to itself, not to the dock
  pass  390x844 templates: the day rail does NOT waste a phone on clearance

PART B - a real click on a dock destination leaves the room
  pass  1440x900 visit: the room is open before the click
  pass  1440x900: a real click at (537,837) on "visit" CLOSES the room
  pass  1440x900 tools: the room is open before the click
  pass  1440x900: a real click at (766,837) on "tools" leaves the room open (it opens a menu, it does not navigate)
  pass  390x844 visit: the room is open before the click
  pass  390x844: a real click at (133,804) on "visit" CLOSES the room
  pass  390x844 tools: the room is open before the click
  pass  390x844: a real click at (277,804) on "tools" leaves the room open (it opens a menu, it does not navigate)

PASS  opnote-room-does-not-trap: the dock is reachable over the room and the room still works.

PART 0 - the builder under test is the LIVE one
  pass  production mls-connect.js LOADS feat_mls_opnote_integrity.js
  pass  staging loads the SAME integrity build (feat_mls_opnote_integrity.js?v='+(window.__MLS_AV||Date.now())
  pass  the integrity owner takes ownership of window._genOpNote (feat_mls_opnote_integrity.js:1260)
  pass  and stamps generate.__mlsopWrapped (feat_mls_opnote_integrity.js:1230)
  pass  THE DEAD TWIN IS DEFUSED: executing mls-opnote-pro.js:750 against the stamped
        owner returns early, so its 1-second re-wire loop can never replace the prompt
  pass  and that guard is NOT vacuous: without the stamp the twin does overwrite
  pass  the ScribeFlow.html dead prompt twin carries NO mode table and NOT this base prompt
  pass  exactly ONE shipped file defines the mode table, so there is no second table to drift
  pass  only the integrity owner and the (defused) pro twin assign window._genOpNote

EXTRACT - lifting the shipped expressions
  pass  lifted the LIVE base system prompt (1270 chars, feat_mls_opnote_integrity.js:1070)
  pass  lifted the LIVE TPL_MODE_CLAUSE table (feat_mls_opnote_integrity.js:1235-1239)
  pass  lifted the LIVE composition statement, and it APPENDS (+=) rather than replaces
  pass  lifted the LIVE mode reader, and it reads through window.uns (per-account namespacing)
  pass  lifted the LIVE deterministic gate (fidelity + heading/fragment harvest)
  pass  lifted the LIVE relaxation predicate (feat_mls_opnote_integrity.js:1289)
  pass  lifted the LIVE relaxation body

PROOF 1 - each mode produces a DIFFERENT system prompt
  pass  the table declares exactly the three modes the UI offers
  pass  SAFETY PROPERTY: the DEFAULT mode contributes an EMPTY clause
  pass  so the adapt prompt is BYTE-IDENTICAL to the prompt that shipped before the option
        existed - a user who never touches the control gets literally the old behaviour
  pass  and an unrecognised mode string also composes to the untouched base prompt
  pass  strict contributes a NON-EMPTY clause (362 chars)
  pass  guide contributes a NON-EMPTY clause (421 chars)
  pass  strict and guide clauses are DISTINCT
  pass  prompt(strict) != prompt(adapt) - and not merely by whitespace
  pass  prompt(strict) != prompt(guide) - and not merely by whitespace
  pass  prompt(adapt) != prompt(guide) - and not merely by whitespace
  pass  both non-default modes strictly LENGTHEN the instruction they send
  pass  prompt(strict) still OPENS with the whole base prompt - the clause is additive only
  pass  prompt(adapt) still OPENS with the whole base prompt - the clause is additive only
  pass  prompt(guide) still OPENS with the whole base prompt - the clause is additive only
  pass  THE COMPOSED PROMPT IS WHAT SHIPS: between the append (line 1240) and
        aiCallRaw (line 1271) nothing reassigns sys
  pass  the resolved mode is also stamped on the generation ctx for the receipt (line 1081)

PROOF 2 - the clauses do not contradict the base prompt
  pass  the base prompt says the template is AUTHORITATIVE
  pass  and orders heading names, heading order, section order and fixed boilerplate preserved
  pass  and forbids renaming headings or reordering sections outright
  pass  THE LOOSER CLAUSE STILL PROMISES TO KEEP EVERY HEADING
  pass  and to keep the heading order AND the section order
  pass  and says "exactly as given" - no softening adverb
  pass  no clause sentence in "strict" licenses a heading edit (0 heading sentence(s) checked)
  pass  and "strict" never puts a heading-mutating verb in the same sentence as a heading
  pass  no clause sentence in "adapt" licenses a heading edit (0 heading sentence(s) checked)
  pass  and "adapt" never puts a heading-mutating verb in the same sentence as a heading
  pass  no clause sentence in "guide" licenses a heading edit (1 heading sentence(s) checked)
  pass  and "guide" never puts a heading-mutating verb in the same sentence as a heading
  pass  the strict clause does not mention headings at all - it can only tighten prose
  pass  and its only re-order prohibition is scoped to SENTENCES, negated by "Do not"

PROOF 3 - no mode weakens the anti-fabrication guards
  pass  the base prompt still says "Never invent a fact."
  pass  "Never invent a fact." survives into the LIVE prompt for mode "strict"
  pass  "Never invent a fact." survives into the LIVE prompt for mode "adapt"
  pass  "Never invent a fact." survives into the LIVE prompt for mode "guide"
  pass  the placeholder discipline survives in every mode too
  pass  THE LOOSER CLAUSE RESTATES the anti-fabrication rule rather than relying on distance
  pass  and restates the undictated-value rule explicitly
  pass  and re-affirms every factual constraint above it "without exception"
  pass  every occurrence of "invent" in the "strict" clause is a NEVER-invent
  pass  every occurrence of "invent" in the "adapt" clause is a NEVER-invent
  pass  every occurrence of "invent" in the "guide" clause is a NEVER-invent
  pass  the "strict" clause contains no permission to invent, assume, infer or estimate
  pass  the "adapt" clause contains no permission to invent, assume, infer or estimate
  pass  the "guide" clause contains no permission to invent, assume, infer or estimate
  pass  the looser mode permits rewriting PROSE only - never a fact, value, finding, diagnosis, dose or level

PROOF 4 - the gate relaxation is scoped to guide + fixed-wording only
  pass  the lifted gate harvests the 6 template headings (fixture is real, not degenerate)
  pass  and harvests 7 fixed-wording fragments to protect
  pass  BASELINE: an untouched draft PASSES the gate (reason: exact template structure and fixed wording)
  pass  a REWORDED draft fails with reason "fixed template wording changed" (2 fragments lost)
  pass  a HEADING-CHANGED draft fails with reason "heading set/order changed"
  pass  a draft that changed BOTH reports the HEADING reason - the heading failure dominates
  pass  THE 16-CELL MATRIX IS EXACT: the relaxation fires in exactly ONE cell (guide + reworded)
  pass  guide + fixed-wording failure -> RELAXED (this is the whole point of the mode)
  pass  guide + HEADING failure -> STILL REFUSED, because the clause promised headings would be kept
  pass  guide + wording AND heading changed -> STILL REFUSED (a wording change cannot smuggle a
        heading change past the gate)
  pass  neither strict nor adapt gets ANY relaxation
  pass  and an already-passing check is never re-labelled as relaxed
  pass  a missing check object cannot be relaxed into a pass
  pass  and neither can a failure with an empty or absent reason
  pass  the relaxed result is flagged adapted + reworded, not silently marked clean
  pass  and the ORIGINAL failing check survives on .details, including every lost fragment
  pass  and the success path records BOTH the mode and the (relaxed) fidelity object on the result
        (feat_mls_opnote_integrity.js:1134)
  pass  the relaxation is the ELSE of the cross-procedure branch, so at most one relaxation applies
  pass  tplMode appears at exactly 5 sites - read, append, ctx stamp, gate relaxation, result record
  pass  the REPAIR pass is mode-blind: no mode can relax the second, final fidelity gate
  pass  all four gate reason strings are gate-owned literals in the shipped source
  pass  and the relaxation regex matches exactly ONE of the four - it cannot catch a heading,
        an empty draft, or a pass
  pass  an EMPTY draft is not relaxable in any mode either

PROOF 5 - executing the shipped mode reader against stubbed storage
  pass  the stored value strict resolves to strict ("strict" -> strict)
  pass  the stored value adapt resolves to adapt ("adapt" -> adapt)
  pass  the stored value guide resolves to guide ("guide" -> guide)
  pass  surrounding whitespace is trimmed ("  guide  " -> guide)
  pass  an upper-case value is NOT accepted - it falls back to adapt ("GUIDE" -> adapt)
  pass  a title-case value falls back to adapt ("Strict" -> adapt)
  pass  a compound/injected value falls back to adapt ("guide;strict" -> adapt)
  pass  an invented mode name falls back to adapt ("loose" -> adapt)
  pass  junk falls back to adapt ("junk" -> adapt)
  pass  an empty string falls back to adapt ("" -> adapt)
  pass  a missing key falls back to adapt (null -> adapt)
  pass  undefined falls back to adapt (undefined -> adapt)
  pass  a falsy-looking string falls back to adapt ("0" -> adapt)
  pass  the reader namespaces through window.uns("opNoteTemplateMode") exactly once
  pass  and reads the NAMESPACED key, so the mode is per-account and cannot leak between logins
  pass  with no uns() available the reader never touches raw storage - it returns adapt
  pass  a throwing localStorage (restricted or full profile) falls back to adapt, never crashes the draft
  pass  the writer (feat_mls_opnote_room.js:540) refuses to store anything but the three modes
  pass  and writes the SAME key the generator reads - one key, both ends
  pass  the reader accepts exactly the three values the writer can produce

PART 6 - non-vacuity (each proof is broken on a copy and must flip)
  pass  if adapt gained a clause, the byte-identity proof WOULD fail (so it is not vacuous)
  pass  if the clauses were emptied, the "prompts differ" proof WOULD fail (not vacuous)
  pass  if the mode guard were dropped, the scoping proof WOULD fail (not vacuous)
  pass  if the reason filter were widened, the heading-failure proof WOULD fail (not vacuous)
  pass  the gate is genuinely sensitive: a two-word change inside template boilerplate fails it
  pass  RECORDED (gate behaviour, all modes): fixed fragments are matched by SUBSTRING, so a
        draft may APPEND to short heading-bound boilerplate ("None." -> "None significant.")
        and still pass. Not a mode defect - it applies identically in strict, adapt and guide.

NOTES - true but unproven-by-this-suite, and known gaps
  note  NOTHING in the shipped fleet READS templateMode / __mlsTplMode / reworded except: ["ScribeFlow.html"]
        The relaxation IS recorded on the result and on ctx, but no clinician-facing
        surface shows "the fixed-wording check was relaxed for this note".
  note  the REPAIRED return (feat_mls_opnote_integrity.js:1163) sets templateFidelity
        and clinicalConsistency but NOT templateMode, so a repaired draft loses the mode
        record that a first-pass draft keeps (ctx.__mlsTplMode still carries it).
  note  this suite proves the PROMPT BYTES differ and the GATE differs. Whether the
        model actually writes more loosely in guide mode is a live-model question no
        offline suite can answer.

PASS  opnote-follow-modes-differ: 110 checks. The three follow modes are REAL - adapt is byte-identical to the pre-option prompt, strict and guide send distinct non-empty clauses, no mode weakens the anti-fabrication guards, and the gate relaxation fires in exactly one of 16 matrix cells.
PASS ui-clinical-pass: uc-1.0.0 emits ONE stylesheet (3135 chars, 19 rules, 0 keyframes) and revert() removes it, the body class and the global; all 3 moving rules are covered by prefers-reduced-motion (3 selectors killed) and transform is cleared exactly where it is set; the only animated properties are background-color / border-color / box-shadow / transform (no layout property, no `all`, no infinite, no fill); the medical record is excluded from animation on 8 selectors WITHOUT deleting the 3 shipped textarea transitions; stand-down covers mls-note-live, mls-recording and the live DOM fact; no timer, no rAF, no observer, one createElement, no listener but DOMContentLoaded, no element.style write, and !important only in the exclusion / stand-down / kill switch; all 38 selector tokens are proved against the shipped app (38 by real markup) and the 5 upstream defects it targets are all still present
PASS ui shell pass: 7 rules, 16 verbatim app-source proofs, 0 moving selector(s) and zero transition/animation declarations anywhere, no clipping property and no .modal subject, no timer/observer, 2 focus rings added and none removed
  behaviour baseline: extension-candidates\3.0.35\background.js (5 fixtures, identical)
  A/B vs 3.0.36 (14 fixtures): differ = live-seven/Roy Min, live-seven/Roy No, live-seven/Roy Fu, ambiguous-surname/Roy Minutes, ambiguous-surname/Roy Est; all others deepStrictEqual
  P0 numeric-field guard: Patient ID fields excluded (12 signals), the outranking Patient ID field no longer wins (3.0.36 types into it - proven), lone numeric field refused by name, all-digits still allowed, pre-write re-assert fires, 5 normal-search fixtures identical to 3.0.36
  A/B vs 3.0.37 (12 fixtures): differ = aug4/tier2-row-internal-artifact, aug4/tier1-row-internal-artifact; all others deepStrictEqual
  wrong-bind class: 3.0.37 attributes every row to a row-internal "Supervising:" artifact and reports complete:true; the candidate re-binds to the genuine header when one exists and refuses when none does
PASS mutating-row re-verify, snapshot string verification, content-keyed double-render collapse, snapshotParse stage naming, non-clinical receipt naming, DOM-validation removal naming (invalidRows, behaviour unchanged), surname-ambiguous STOP exemption in nameTokens (live row kept 6->7, fail-closed guards unchanged vs 3.0.36), row-internal header exclusion at harvest tiers 1-2 with headerProvenance (live Aug-4 binds to the GENUINE column header, the 3.0.37 wrong bind to a "Supervising:" row artifact is corrected or refused, genuine two-column day still refuses, tiers 3/4/5 identical to 3.0.37), and fail-closed identity refusal
ok 1 - spaced keyword surname resolves confidently (Sae Min)
ok 2 - surname-welded-into-age rendering resolves (Min77yo)
ok 3 - duration-welded-into-first-name rendering resolves (40minSae)
ok 4 - all 9 leading-status shapes yield the bare patient name
ok 5 - trailing Jr moves to the suffix field (last stays Smith)
ok 6 - anatomy-fence-consumed row rescued to the bare name
ok 7 - all-vocabulary run refuses (No Show)
ok 8 - vocabulary-opening run refuses the chip lane (Min Sae)
ok 9 - 4-token chimera refused by the 3-token window cap
ok 10 - differential battery: 11 ordinary shapes identical to 3.0.38
ok 11 - 3.0.38 baseline correctness pinned (fences made Arrived a boundary)
# schedule-chip-name-capture-contract: 11 checks passed
ok 1 - transitional grid (rows paint during settle) never sets emptyStable
ok 2 - settled empty day sets emptyStable with the served day
ok 3 - served-day flip during settle refuses the date and the empty
ok 4 - negative classnames (unselected/deselected/inactive) are skipped
ok 5 - date disagreement inside one rung refuses (schedDateAmbiguous)
ok 6 - ladder scope pinned: broad rungs only inside .calendar-nav
ok 7 - handler gate: authoritative-empty requires the settled frame proof
# schedule-empty-day-settle-contract: 7 checks passed
ok 1 - all pp-1.1/1.2/1.3/1.4 markers present
ok 2 - base completeness clause untouched
ok 3 - completeness equation: text-only rows fail legacy days, spare virtualized lanes
ok 4 - merge diag: additive text rows counted, twins and dom-only exempt
ok 5 - copy-name-conflict: marked at the id-dedupe, demoted before export
# schedule-pull-reconciliation-contract: 5 checks passed
ok 1 - all five orphan-exposed surfaces are named, guarded, and flagged
ok 2 - every guarded handler carries liveness check + self-detach
ok 3 - cap-click liveness check precedes stopImmediatePropagation
ok 4 - background re-injector: guard rejection cannot skip the main bundle
ok 5 - dead-world search-open relay is silent and self-detaches
ok 6 - live-world search-open relay forwards the genuine request
ok 7 - dead-world cap click passes through untouched and detaches
# extension-orphan-neutralization-contract: 7 checks passed
ok 1 - stale-note false-confirm closed (unchanged-field refusal runs first)
ok 2 - truncated-note false-confirm closed
ok 3 - foreign-text false-confirm closed (length fallback retired)
ok 4 - genuine landings all still confirm (exact, containment, prefilled-equal, normalized, masked)
ok 5 - pickSuggestion: generic-list scan retired, non-matching first item never clicked (x3)
ok 6 - autopilot type/pastenote refused on athenaOne before any execution
ok 7 - CE write: newline round-trip + fail-closed rollback to empty
# athena-write-verification-contract: 7 checks passed
ok 1 - background: front only under foregroundOk, quiet path focus-free, restore at the terminal
ok 2 - app: two user-initiated setters (retry + dayPull), 5 clears, strict post, fg-1.3 per-read disclosure
ok 3 - fg-1.2 doctor-moved machinery + sx-1.0 session honesty pinned end to end
ok 4 - content bridge forwards the flag strictly
ok 5 - pace-1.0: busy check before nav; fronted first attempts get the full window
ok 6 - hc-1.0.3: waits counter keyed to the request token
ok 7 - front refuses when the doctor is outside Chrome (no keystroke-steal risk)
ok 8 - happy path: front remembers and restore returns the doctor
ok 9 - newer human choice wins: restore skips when the doctor moved mid-read
ok 10 - fg-1.3: doctor watching the pull-owning app tab keeps the assist earned
ok 11 - fg-1.3: any other destination still quiets the rest of the batch
ok 12 - null state no-ops
# history-retry-foreground-contract: 12 checks passed
PASS sanitize regex linear time: coordinate rule guarded+bounded (both copies verified by literal), collapse linear on NBSP/CR runs, clinical dose lines never flagged
PASS week-tab header-variant roster corroboration, attribution verdict naming, served-date plumbing, and unchanged fail-closed refusals
PASS op-note room remake: room owns presentation (skin + solo card + pager + arrows, clean revert), pipeline reached only through the wrap, and the explicit per-field "Use every time" tier persists, reapplies through the real fill pathway, applies to open drafts, clears in one click, and refuses one-patient/one-encounter facts
PASS Athena action contract: only note write/save can arm; billing/sign/order execute are refused before mutation with dormant defenses preserved
PASS Athena confirmation runtime: manual final actions never cross the bridge; note probe/cancel/one confirmed execute stay exact
PASS sign claim requires a receipt: 4/4 Sign proxies assert from signNote's own signature line and signed flag, never from the click
PASS refusal is not a save: a refused draft-save keeps its recovery slot, and a failed persist is never called a local save
PASS unsaved switch leaves no trace: Cancel changes nothing, OK clears the old note off the new patient, one action asks once, and a refused switch never resets the visit engine
PASS staging stamp follows production: ScribeFlow-staging.html is stamped b868, matching production
PASS premium block names a real route: no upgrade path points at a Settings control that does not exist
PASS feature directory routes exist: App tabs entries match NAV_FEATURES [orders], and the month-pull recovery names Staff prep
PASS calendar de-overlap skips a hidden grid: one rect replaces 112 forced layout reads per pass (1,456 across boot)
PASS hidden Calendar repaint: styling/dedupe wait for Calendar and check-in skips appointment scans
PASS Calendar activation lifecycle: Visit boot stays inert; Calendar opens with one bounded owner
PASS data-link hydration repaints only the active heavy view
PASS Patients exact remains dormant off-view and activates only for Patients
PASS autosave draft owner: an unassigned draft records its owner, is withheld from a different one, and names itself in the offer
PASS unified Athena manifest: immutable payloads, only note write/save ready, exact billing/sign review rows manual, and unknowns blocked
PASS Athena final-action truth: billing, signing, and orders stay visible as exact manual payloads labeled Complete in Athena; only note write/save can confirm
PASS Orders final review: immutable exact-patient payloads, every reviewed order manual, incomplete/suggestion rows blocked, and acceptance recorded once
PASS order review UI: one exact immutable patient/visit payload, unsafe rows blocked, explicit Complete in Athena copy, and no placement action
PASS Athena single-order runtime: exact catalog/control, read-only probes with immutable row bindings, and EVERY order execute (pristine or tampered) refused by the write-safety policy gate
PASS unified Athena confirmation: one page/button for note lanes, exact manual final-action rows, trusted hash binding, seamless bounded auto-open, and no Sign/billing execution offer
PASS unified Athena runtime: exact taught destination bound through probe + one confirmed execute, one page, per-row receipt, no Sign auto-chain
PASS destination teaching runtime: safe click suppression, unavailable/expired/wrong-tab/wrong-patient states, exact selector capture and binding
PASS advanced Athena entry: #emrWbAthena and action buttons use one immutable review; direct writer is disabled end-to-end
PASS Athena session preservation: no automatic reload, interstitial click-through, or background chart walking
PASS Athena all-frame session health: exact timeout/login veto, no false positive, no stale cache/pin/keep-alive
PASS confirmed billing contract: review-only Superbill uses a frozen typed code payload and excludes diagnosis/order prose
PASS chart-autofill guard: preserves the exact selected patient without synthetic dirty input while still clearing unrelated login junk
PASS commercial hardening: retrying fail-closed calendar reads (exact + legacy), honest empty-device hydration, persistent patient/note mirror queues, and id-linked auto visit binding
PASS visit-draft lifecycle: a successful save cancels the pending timer and cannot repopulate a ghost unsaved draft
PASS History raw-note wrapper: all load orders keep a stable non-recursive native editor escape hatch
PASS unified Find lifecycle: current owner opens, closes, reopens, and survives launcher remount without hidden legacy poisoning
PASS Find canonical route: exact stable ID selects before Visit; stale, missing, duplicate, and unverified identities fail closed
PASS adversarial finding: top note placement uses the exact-encounter AthenaActionV2 lane
PASS adversarial finding: patient identity comes from one explicit chart header and returns observed values
PASS adversarial finding: Save and dormant Sign defenses are scoped to one exact encounter-note container
PASS adversarial finding: Save success and dormant Sign verification require new scoped evidence
PASS adversarial finding: dormant billing defense still has explicit preflight and partial-mutation accounting
PASS adversarial finding: Sign remains manual even after a verified write_note proof
PASS adversarial finding: legacy mutation routes and generic final-action blockers stay fail closed
PASS adversarial finding: second-pass authorization and honest-outcome gaps stay closed
PASS adversarial finding: final payload, billing-option, editable-field, and shadow-root edges stay closed
PASS Athena adversarial contract: exact note lane, observed identity, scoped evidence, explicit partials, and permanently manual Sign
PASS primary workflow: top transcript, pause/resume, one-note generation, distinct voice controls, visible route plan
PASS b420 calm clinician surface: quiet auth/onboarding/idle state, one Visit owner per action, safe note gate, actionable failures preserved
PASS phone notices use normal flow, dedupe/retire success, preserve persistent failure announcements, and compact the 360px header
PASS clinician navigation: real routes, lead order, secondary reachability, and keyboard semantics
PASS clinician discoverability: creation, Find, Account, pull, Staff Prep, and back geometry each have one stable owner
PASS redesign hot upgrade: 3.2.1 nodes/wrappers retire and 3.2.2 records one reversible history owner
PASS canonical UI ownership: rollback routes retired, Staff is Menu-only, and doctor/staff transitions are synchronous
PASS staging Staff Prep: Menu opens one explicit exact day/month pull surface with no automatic Athena action
PASS Easy owner visible affordances: Open/Close is high-contrast and stateful; portal is exact-patient receipt-gated
athena overlay lifecycle contract tests passed
PASS branded boot loader: one centered green MLS logo surface, one progress tree, and readiness ownership preserved
PASS loader lifecycle: 300ms anti-flash floor, deferred layout sampling, 32s bounded reveal, and stale-token safety
PASS gate-loading-always-ends: the watchdog is armed on every show path, outlives every early-returning hide, ignores document.hidden, and fails closed to a screen the doctor can act on
PASS progress stages: connect/reconnect, schedule counts + stale rejection + partial honesty, history N-of-M without fake percents (incl. bodies lane), whole-pull stamp watcher with cross-tab disclosure, staging probe->confirm->write->verify, review counts, teach, deadlines everywhere, loader wiring
PASS interaction performance: native Settings scroll, loader-safe timers/calls, bounded agents, exact SW lifetime, deferred polish, and da-1.1.1
PASS immutable satellite loaders: 31 changed assets use fresh, unique cache URLs and retired URLs are unreachable
PASS deterministic cache tokens: 357 production assets carry the release token, none builds a per-load URL (staging ratchet <= 35)
PASS calm shell cache bust: 1 build-versioned loader(s), no frozen token
PASS body-class churn: the 3 measured add()/remove() writers (54+14+5 no-op attribute re-commits) now compare first, 10 further toggle sites carry belt-and-braces guards, and all three changed satellites ship under moved cache tokens (279 published files scanned)
PASS bump-build subject: a collision re-bump rewrites the subject in the same step (b661->b662, the case that shipped wrong), a subject with no build token is refused loudly, and the rewrite is boundary-anchored so #6b5518 survives while b551 and (b551) are corrected
PASS encounter-index stability: the frame-local counter is destroyed by the openVisits re-drive (0 of 16 passes could ever open the gate - the measured 5/5 failure), the orchestrator count opens it by pass 6, a surviving frame is unchanged, a changing shape is still refused, and the index phase can no longer consume the body-read budget
PASS visit orders write-on-change: 5 idle calls produce 1 innerHTML write (was 1 per call, measured live at 15 rebuilds / 105s, median 5008ms, 1 distinct content hash), and real order changes still re-render both ways
PASS shell passes write only on change: the dock, its pill and the stages strip no longer re-write identical values on every externally-triggered render (measured 605 no-op aria-current writes in 40s before this)
PASS control accessible names: composite labels separate at every depth, drop hidden text and tooltips, and are published as the accessible name without overwriting the app's own
PASS shell hidden controls keep reach: 8 hidden ids, 8 documented exemptions, 0 stranded
PASS calm views: 3 views, every fold class-hidden under body.mls-cv with a same-view disclosure, invisible-disclosure guard present, classic + revert intact
PASS studio merge: showView('analysis') redirects to AI Studio/Practice, 3 sections, ax inline-display honoured, Tools + dock-lighting routes intact, class-hide only, revert restores the shell
PASS team reach: Team is offered under Tools and nowhere else, its only suppressor is the immutable release hold, and available() withholds it while held / offers it once released
shell-label-authority-contract: OK (5 display sites, 7 derivation cases, proxy guard, escape-once)
PASS ScribeFlow inline syntax: 13 scripts compile
PASS hosted login usability: email-only success memory, 2FA coverage, neutral credential help, accurate gate copy, and fail-closed handoff
PASS legal readiness safety: hosted failures gate closed, restored ceremony is commercial-only (staging keeps retirement), synthetic demo preserved, and public/vendor claims constrained
PASS held legal network workspace: no visible entry points, no API path before release guards, and old cached tracker fails closed
signup assent manifest runtime: PASS
PASS Athena FHIR frontend fallback: click-only status/connect, exact URL, confirmed disconnect, strict schedule range/body/receipt, and Staff Prep coexistence
PASS day-progress time: practice-timezone instant wins, exact identities resolve, and duplicate names never guess
PASS day-progress responsive layout: compact progress pill and readable Recent control on desktop/mobile
PASS cross-day appointment context: every date stays in native Easy; exact selected-day clicks bind before one requested safe action and ambiguity fails closed
PASS Visit active controls: centered phone/paste row and bold selected patient
PASS Easy transcript continuity: one canonical editable transcript with synchronous tools
PASS transcript mirror merge: a keystroke cannot erase speech recognised while the box was focused (2 shells, caret and scroll preserved)
PASS no merge-conflict markers in 370 shipped parse-critical files (7 in subdirectories, 4 .json) — a marker in any of these throws on parse
PASS no speculative preload of JS strings: 2 shipped documents carry no fetching attribute the preload scanner can mistake for a URL (4 positive/negative controls).
PASS build bump names its build: 26 commit(s) since e3f37111, 14 build bump(s), each named in its own message and claimed once
PASS tree contains everything published: origin/main de8a57f is an ancestor of HEAD (ahead 0, behind 0)
PASS review-control-clears-fixed-furniture (2 furniture ids, all real)
PASS review-panel-is-a-review: no controls, reads the send path's own plan, gaps above the list, and redundant renders stay free
PASS transcript focus survives an engine rebuild: carry is guarded, time-bounded, consumed once, caret clamped (mitigation - 40 of 63 chars, sibling mount still owed)
PASS visit host is never re-inserted once mounted: guard is live-copy-only, ordered, render-free (63/63 chars typing, 0 innerHTML writes idle)
PASS Easy render ownership: one atomic canonical room with transcript node/focus/Dictate continuity
PASS canonical Easy action ownership: the 3.7.3 owner is first and exact-gated; every later record/generate lineage returns before runtime/DOM access
PASS Easy pause/resume: canonical exact-patient controls preserve the combined transcript
PASS async artifact binding: all four generators freeze visit/source state and discard delayed stale results
PASS async artifact source guards: stale visit/source results cannot mutate built-in or custom artifacts
PASS note editor binding: delayed section, locked-section restore, and dictation stay on one immutable visit
PASS dictate-anywhere binding: queued speech stays visit-owned; immediate events and delayed microphone handoffs are race-safe
PASS recording backup lifecycle: stale mic requests cannot outlive Stop/New Visit/patient switch/base failure/rapid restart
PASS autosave patient scoping runtime: debounce, async save, failure, recovery, and raw-history clear
PASS voice AI binding: failed/stale generation terminates the chain and valid work opens one supervised review
PASS assistant readiness: incomplete markers self-heal; queued voice commands are bounded, owner-frozen, exact-once, cancellable, and retry-safe
PASS production assistant runtime: core/FAB/panel, top proxy, cold exact-once queue, and off-page gate
PASS Copilot request binding: abort/stale ownership, double-click lock, response dedupe, and distinct service status
PASS custom-tool v2 runtime: in-head data injection, CSP, source-gated bridge, exact patient IDs, full refine, and ready handshake
PASS custom widget identity runtime/DOM: library and save idempotence, normalized fingerprints, explicit title conflicts, non-destructive render dedupe, same-id refresh, and single visible owner
PASS studio creations durability: honest failure, account-scoped key + migration, id-addressed delete, save idempotence with the auto-saver, loud eviction that spares pinned tabs, sticky rename, cloud union-merge, and a bounded sync payload
PASS async owner guards: assistant replies, saved-line AI, voice actions, and add-patient work stay with their originating patient/visit
PASS duplicate-name history binding: reads and saves require immutable MLS id plus matching DOB/MRN proof
PASS manual history exact-open + MRN discriminator contract
PASS history exact-open -> same-tab chart -> same-tab visits contract
PASS visit-body identity 3.0.2: stable-id-primary gate (strict refusals intact) + identity-aware bounded frame-candidate walk with honest refusal + lease/scan consecutive-pull fixes
PASS Worker-backed absolute history deadlines, late-result suppression, and busy reset
PASS immutable renderer deadlines, never-settling browser calls, detached QP cleanup, and busy reset
PASS exact appointment-id bootstrap: true frame delta, duplicate refusal, fresh all-frame banner proof, dynamic date recovery, and content relay
PASS day/schedule caller deadlines, zero-action expired drivers, exact-once response, and detached QP cleanup
PASS schedule scrape absolute guard and SearchOpen Athena-only fail-closed selection
PASS AllVisits responds before cleanup and serializes the next read behind prior qpRelease
PASS quiet-pull terminal release bounds stalled setup and suppresses late window surgery
PASS chart request absolute-deadline and late-action guards
PASS patient chart parse AbortSignal parity in production and staging
PASS repeat chart refresh: canonical list enrichment, one replace-in-place import, manual summary preservation, and exact identity fail closed
athena-problem-list-is-not-comma-shredded: OK
organize-history-never-strips-an-unread-slice: OK
PASS briefing problem capture: captured before the nudge click, carried out of the bridge, combined under the 90000 ceiling, reaching _parsePatientChart in all three lanes (day pull included) and the stored patient record - with every identity, binding and character-count gate refusing exactly as before
PASS duplicate render is not ambiguity: an exact appointment-id match collapses duplicate main/mini renders to the richest main row and reports dupRenders instead of refusing, while still requiring the expected last name; and allergies remain in the census breakdown but can no longer, alone, mark a record as captured
PASS the frame URL binds the appointment: a real frame whose own athena-issued URL carries the requested appointment id is bound to that patient, while a different id, a prefix, a longer id, a patient-level briefing route and a request with no supplied id all still refuse - and doors 1 and 2 are unchanged
PASS the chart prompt speaks athena medication vocabulary: it explains that "(N new)" counts only items added at this visit, names the Historical Meds heading, instructs that those entries ARE the current medication list and that coverage.meds becomes found, keeps a reachable honest-empty path, and is identical across both shells. NOTE: this pins the CONTRACT only - the efficacy evidence is the live before/after extraction rate, not this suite
PASS provider-day six-card history: live wrapper preserves exact problems, meds, allergies, summary, vitals, and background for two isolated patients
[MLS Assist v3.0.1 diag     — redacted, no PHI] {"groupCount":1}
[MLS Assist v3.0.1 diag     — redacted, no PHI] {"groupCount":1}
[MLS Assist v3.0.1 diag     — redacted, no PHI] {"groupCount":1}
[MLS Assist v3.0.1 diag     — redacted, no PHI] {"groupCount":1}
[MLS Assist v3.0.1 diag     — redacted, no PHI] {"groupCount":1}
[MLS Assist v3.0.1 diag     — redacted, no PHI] {"groupCount":1}
[MLS Assist v3.0.1 diag     — redacted, no PHI] {"groupCount":1}
[MLS Assist v3.0.1 diag     — redacted, no PHI] {"groupCount":1}
PASS exact-frame full visit reader, honest receipts/index shells, and idempotent verified enrichment
PASS visit reader minimal-body completeness + absolute deadline contract
PASS visit request correlation runtime
PASS cohort history requests use unique exact correlation and managed-batch ownership
PASS exact-row accordion + unique encounter-summary frame contract, fail-closed binding, post-op rows, stale-neighbor/duplicate-key/ghost refusals, 15/15 full pass
PASS verified history organization: identity-bound visits populate profile groups, summaries, collapsible timeline, and op-note context
PASS history organization adversarial: trust provenance, binding, production visit shapes, summary gating, identity variants, and UI lifecycle fail closed
PASS history ingestion hardening: exact encounter idempotency, verified 9-row shell compaction, multiline six-card organization, and honest semantic coverage
PASS save verifier suppresses per-patient managed-batch alarms while preserving standalone and aggregate failure status
PASS save-verify fold tolerance: folded saves are found (DOB/MRN-anchored, never fuzzy), and warnings aggregate into one self-replacing card
PASS patient row-loss guard: stale bulk writes cannot delete fresh saves, authorized removals still remove, settled rows stay removable, carry-forward is idempotent, staging stays inert
PASS save truth: op-note saves are proven before they are claimed, server-refused notes are never called synced (401 queues, 402/403 declined), the History chip shows all three states, and sign-out warns before purging unbacked work
PASS pull resume: an interrupted pull is recorded and continued after a reload, bounded by a 2h expiry, a 2-attempt cap, cross-tab ownership, and the sign-in gate — and the doctor can always stop it
PASS phone chip trusted gesture: both "Record on phone" chips forward their real click event, neither synthesizes one, the isTrusted guards are intact, and a chip that cannot start says so
PASS intake attach single-flight: a double tap creates exactly one chart, the claim is taken before any await and released in finally, and the ck-1.1.0 re-attach guard is untouched
PASS multi-tab hint: a run refused twice or more for same-frame-name-mismatch tells the doctor to close extra athenaOne tabs, states nothing was mis-saved, exposes multiTabSuspected on the receipt, and never softens or fakes completeness
PASS Athena pull toast lifecycle suppresses managed noise, preserves manual warnings, dedupes repeats, and clears stale failures on success
PASS Athena pull notification ownership: one manual warning, zero managed noise, correlated-only stale cleanup
PASS op-note exact patient binding: generation, autosave, and save reject name-only/ambiguous ownership
PASS staging op-note identity: duplicate name/DOB remains exact-id bound through the actual AI request
PASS op-note verified history: rich raw detail, >6 visits, exact identity, repair retention, and mid-flight fail-closed binding
PASS template library runtime, isolation, preview/commit, conflict, retry, loader, upload, and form-save visibility contracts
PASS staging parity: exact six-card history refresh, immutable manual order review, no final-action execution offer, and no suggestion auto-save
PASS active-patient Athena status: exact ID freshness/receipts, account-isolated production/staging logs, stale/context invalidation, passive no-flicker lifecycle, explicit read-only Verify now, and honest send outcomes
PASS voice pill persistence: legacy settings cannot erase another owner's display, and nothing force-shows the retired bottom-left pills over the dock
PASS voice dock layout: viewport-aware inline handoff, fixed control restore, safe area, non-overlapping responsive fallback row
PASS patient portal placement: identity is frozen, missing charts repair once, and unsent/access failures stay honest
PASS portal request UI: durable patient receipts and exact clinician review linkage
strip-day-couple-runtime: all assertions passed
premium-gate-runtime: all assertions passed
pull-device-picker-runtime: all assertions passed
perf-sweep-contract: all assertions passed
PASS patient-scale perf contract: memoized base reads, indexed patientNotes, debounced searches, bounded history, VER fast path (runtime-proven), batched self-retiring sanitize sweep
PASS patient row stability: active selection preserves row HTML and last-seen text is emitted at source
PASS Task 3 hot path: formatters/timezone are reused and provider check-in skips appointment normalization
PASS patient card contrast: every metadata, verification, history, and action state uses dark AA text on the light card
PASS patient-surface-design-language: 4 patient surfaces share one field/button language, inline styles included, and every checkbox row clears 44px
PASS analysis-scope-chip-fits-a-phone: the chip that names the scope can shrink and wrap under 760px, and is never ellipsised
PASS patient store: LZ-packed round-trip, quota eviction/loud-failure, legacy + satellite compatibility
PASS patient-store batching: bounded writes/timer/phase/end durability, wrapper+server preservation, and account-switch fencing
PASS patient-store sync rollback: no worker/sidecar protocol, batching kept, stale markers inert, second-tab sidecars untouched, exact crash/rollback reads, and loud quota failure
PASS visit persistence: guard passes opts through; verified batches persist, reconcile idempotent, trust caller-gated
PASS visit index dupe collapse: batch-aware findPatient, racing ingest keeps each row once, union artifacts self-heal, bodies/aliases/trust boundaries untouched, loader pins bumped
PASS visit-pull toggle: default ON, honest visitsSkipped receipt, no fabricated evidence, visible day-pull progress bar
PASS visit-wire guard: deterministic saveRef proof outranks AI-name veto; proof-less and forged callers stay blocked
PASS unified write surface: note writes open one review; legacy Sign requests stay manual with no independent fallback or launcher
PASS schedule time: exact wall/instant precedence, account timezone, no 6 PM default, honest empty reads
PASS 2D schedule virtualization, merge, empty-proof, and visit completeness contracts
PASS packaged schedule reader modern + legacy dedup, long rows, slots, provider scope, and fail-closed completeness
PASS exact schedule table cells, provider-echo reconciliation, meridians, identity ambiguity, and virtualized union
PASS schedule support diagnostic: exact query gate, passive receipt capture, strict PHI redaction, safe lifecycle
PASS schedule empty-day proof: block-only days are authoritatively empty (narrow legacy-lane proof), frozen classifier intact
PASS exact-patient awaited history and old-visits receipt pipeline
PASS adversarial schedule identity, source-proof history binding, fresh chart coverage, and full visit-reader receipt
PASS row-scoped schedule DOB/MRN labels and attributes; arbitrary and neighboring dates fail closed
PASS adversarial exact-visit persistence and reconciliation contracts
PASS verified-empty day bypasses the roster gate only after the empty contract is proven
PASS authoritative-empty receipts require exact zero evidence and never publish or label contradictory success
PASS authoritative day/provider reconciliation, stale-ledger recovery, repeat enrichment, manual preservation, empty-day safety, and top UI consumption
PASS schedule import archive scan: exact patient/day caches with bounded browser yields
PASS provider-day pull, default-on exact history, schedule-only opt-out, and frozen runtime route
PASS exact provider/day/month routing, canonical roster gates, late refresh, frozen identity/date, receipts, idempotency, and passive startup
PASS stable provider roster, completeness receipt, and fail-closed assistant selection
PASS provider roster ingestion: one normalization per request/object, cloned replay dedupe, and new same-shape request preserved
PASS machine-username/label-prefixed roster echoes collapse; opaque keys and real credential variants stay distinct; polluted caches heal
PASS unified manifest resolves the real Athena appointment id from the day import index; MLS-only rows never outrank resolvable ones; no-match/ambiguous/supplied paths preserved
PASS wipe-guard hatch: stacked guard layers block unauthorized wipes, allowOnce() authorizes exactly one full-chain wipe, and the hatch re-arms closed
PASS visit-draft patient identity: drafts are stamped with their patient, the restore bar names them, cross-patient restores are redirected to Open-that-patient and refused outright on direct calls
PASS visit-history provenance: index shells and copied excerpts are honestly marked with a remedy; verified bodies and clinician-authored visits stay unmarked; loader pins bumped
PASS athena proof guard: erasure, rollback, bulk-writer, and batch-then-bulk kill sequence all keep the newest verified proof; ingest opts forwarded
upsert-attested-slice-travels-with-receipt: PASS
pull-visit-bodies-default-on: PASS
pull-first-attempt-convergence: PASS
cross-tab-pull-shield: PASS
fast-lane-saves-todays-note: PASS
PASS writeflow duplicate-click guard: busy refusal, armed/cleared in-flight flag, synchronous double-disable before execute, one-use token, and locked-identity execute are all pinned
PASS coding suggestion separation: evidence-gated suggestions with visible uncertainty, existing chart diagnoses isolated from suggestions, billing stays a review/manual surface
PASS templates workspace: searchable two-pane list/detail, in-place saves with bounded revisions and honest states, dirty-edit protection, confirmed delete with real undo
PASS settings workspace: gated search across sections, scope chips, keyboard-accessible nav, per-device left/top layout with reserved-column collapse rail, honest cloud-sync reporting
PASS pricing/billing truth: $40 Enterprise displayed as charged, capability-driven single status with named reasons and a real Retry, no dead CTAs or false bars, and a confirmed+audited admin plan panel with access sources
PASS binding-notice persistence: gate refusals stay visible exactly while true, name the real blocker (provider/appointment id/search-picked), self-clear on a ready binding, and never mask specific warnings
PASS writeflow auto-open: unopened destinations are reached via one SearchOpen with the frozen identity + schedule date, re-probed exactly once, honest on failure, never on identity/token refusals, and the human confirm click is untouched
PASS batch-bound provider/roster receipt provenance: source stamps, armed-operation binding, hostile stale/mismatched/missing/weakly-typed vectors fail closed
PASS athena tab lease-over-pin: active quiet-work lease outranks mutable pin, mid-cohort pin change cannot hop reads, unhealthy leases fail closed, pin semantics preserved when no lease
PASS status notifier guard: optional MLSStatus methods are type-guarded and can never void a completed history save
PASS non-patient row guard: status/anatomy vocabulary never becomes a patient and hold rows classify as slots
PASS provider selector sanitizer: five surfaces clean, real variants retained, receipts fail closed
PASS provider identity: no account-specific override or fallback; unknown clinician stops chart scope explicitly
PASS admin identity: no personal-email policy in client; UI follows server claim and API remains authoritative
PASS test-content boundary: no named production recipient; all test/staging writes require an explicit Preview sandbox
PASS schedule pull UI: success requires complete receipts; partial schedule/history and missing extension stay failed
PASS manual history retry UI: explicit click only, aggregate status, partial retention, complete hide
PASS startup is Athena-passive; the selected-day strip is the one visible pull owner, the empty state is guidance only, relay executes only phone-queued jobs, and schedule imports are request-scoped
PASS phone pairing is boot-passive and starts once only after a trusted clinician click
PASS phone secure lifecycle: volatile-only audio, legacy erasure, no-store uploads, URL/privacy/accessibility contracts, and trusted-click pairing
PASS AI-key guidance is action-time only in production and staging
PASS no-patient AVS context and calendar range accessible names are explicit
PASS performance lifecycle: 7 interval-free modules, scoped observers, bounded loading and deduplicated UI
PASS extension read paths: bounded history recovery, serialized navigation, destination-tab preservation
PASS extension host scope: no all-URL injection; core is MLS/Athena-only and localhost is PHI-blocked
PASS extension backend origin security: session JWT is canonical-only; rejected/custom destinations cannot read it or fetch
PASS extension popup labels, live status announcements, and text contrast
PASS nightly backup tab safety: exact Athena host + strong stable identity + pre-read/pre-fetch URL proof are required
PASS Athena schedule pulls, supervised history, extension snapshot, and server backup are described as distinct workflows
PASS extension package: v3.0.44, 20 exact root files, deterministic and byte-verified
PASS extension manifest text integrity: no mojibake in any published manifest string, the file round-trips as UTF-8, and the checker's cache token names the version it reports
PASS enumerate noise-surface exclusion: the doctor's inbox cannot supply a patient's encounter index, the collapsed chart pane is not mistaken for noise, and a frame that does not identify itself is never dropped
schedule-read-declares-its-freshness: OK
write-claims-need-a-receipt: OK
all-providers-means-all-providers: OK
PASS enumerate refusal evidence: all three qualification gates carry their numbers in the reason string, and row-count stability now gates acceptance, bounded by a pass count and a dwell
PASS enumerate evidence crosses the hop: the frame table is returned as a real field (objects DO survive; gate.frames never did because gate is never returned), the string summary is kept as belt-and-braces, and new fields cannot be hung on the local gate again
PASS enumerate gives up when provably stuck: a stalled chart exits ~110s sooner through the SAME refusal, and a hydrating chart — growing rows, moving declared total, or a frame arriving late — never looks stuck
PASS All Events is not the row count: a settled panel below its declared total is accepted (measured 9/13, 9/11, 16/53, 22/41 across five live patients), a growing or converting one still refuses, and the receipt records that acceptance came from stability
PASS extension reload helper: query-gated, one-click, exact acknowledgement, no retry loop
PASS patient portal request, authenticated calendar booking, and Menu-owned Staff Prep contracts
PASS settings cleanup: eight destinations, single owners, truthful saves, and lifecycle restoration
study-natural-request-report: ok
study-injection-cohort: ok
study-samevisit-cohort: ok
study-proximity-cohort: ok
study-junk-identity: ok
study-question-fallback: ok
study-academic-paper: ok
comp-report-contract: ok
prep-summary-debris: ok
PASS single UI owners: canonical visit transcript and exact Staff Prep month/history pull only
PASS onboarding-tour-v2 contract: obt-2.1.0 installed, 22 steps, targets grounded, Help un-hijacked
PASS device-role contract: width never classifies, explicit roles win, relay fails fast + honest, registry heartbeats + panel with forget
PASS extension-health contract: fresh probes, honest degradation, Memory-Saver surfacing, safe recovery actions only
PASS PHI-free readiness: passive owners use correlated health metadata only; exact Athena tab census; loopback blocked from clinical verbs; trusted explicit schedule relay preserved
PASS athena-window-guard: awg-2.0.0 adaptive geometry — preset strips clamp to the real display (update+create), off-screen strips relocated, mac-fullscreen skip + focused pass + discard alarm unchanged, fail-open without display info
PASS pull-request correlation contract: correlated pulls, authoritative epoch-guarded no-store calendar reads, mutation invalidation, stable wrapper ownership, lease exclusion, bounded parse, rl-2.0.0 sync
PASS pull-progress + merge-defer: the auto-merge never rewrites the store mid-pull (busy defers, idle merges, deferred run completes), and the import/save phase streams counted statuses the progress bar can paint
PASS pull day label: one DS.day source for button/list/job, practice-tz today, and "Pull Wednesday the 22nd" naming with correct ordinals
PASS provider identity separation: preference-only seeding, wizard roster guard, roster-exact resolution with refusal on ambiguity, and no hardcoded clinician names
PASS old-browser compat: identical first-script ES5 block in app+phone, polyfills restore old Chrome (allSettled/any/replaceAll/at/findLast/flat/hasOwn/fromEntries/structuredClone/randomUUID), inset shorthand expands so modals position on Chrome <87, natives untouched on modern browsers, and a too-old browser gets an honest update banner
PASS ext-update hint + duplicate detection: receipt-gate failures on an outdated MLS Assist name the installed vs published version; TWO answering copies of MLS Assist are called out with the chrome://extensions fix (one answer stays silent, foreign traffic ignored); sign-in and wrong-day failures never blame the extension; version compare is numeric and fail-safe
PASS shared progress: dedupe, stages/counts, stale rejection, safe cancel, retry, terminal deadlines, and persistence
PASS op-note clinical consistency: independent fact parsing, scope guards, required/prohibited fields, deterministic metadata, fail-closed repair, and oni-2.9.0 level-extraction truth (headed/prose/slash pass, wrong/omitted fail actionably)
PASS op-note generation jobs: one in-flight request, request-correlated stages, terminal progress, and stale-response rejection
PASS Assistant providers: canonical event refresh with one bounded late-start retry and no permanent five-second loop
PASS Assistant Copilot ownership: immutable patient/visit owner, canonical-event abort, stale suppression, exact busy state, and deduped response affordances
PASS Copilot actions: single-owner metadata plus fail-closed patient resolution and canonical no-auto-record Start Visit
PASS Copilot context pack: IDs/counts/metrics survive and active binding requires same-namespace ID or unique exact name+DOB
PASS Copilot dock: full-height conversation and bottom composer bar
PASS the visit home always offers the banner patient: with a patient on the banner and a full day of appointments the record offer is theirs and is the only one (the reported defect), a scheduled banner patient is never rendered twice, an empty banner leaves the documented "whoever is up now" flow untouched, a selection merely restored from a previous day stays reachable without out-ranking the day, and across 12 day-shape/selection combinations the banner patient always has exactly one reachable offer and no two offers ever name two different people
PASS Settings identity reaches the op note: provider name + credentials, NPI, practice and FACILITY all resolve automatically from the Practice & provider section (the facility rule was unreachable behind a hardcoded '' and had no getter or field behind it at all); the appointment's own provider and department outrank the account defaults, including the providerName shape the op-note room itself writes; the MRN resolves from the identity-proved chart patient and refuses on a name mismatch; the facility getters never invent a site of service from the practice, so the attest block keeps its honest blank and the readiness strip keeps its warning; and the account name may stand in as the provider ONLY when no verified roster contradicts it — the wizard's own rule, not a stricter one
PASS exports carry the practice identity: the shared PDF letterhead now resolves live from Settings (it was initialised empty and assigned nowhere but a test fixture, so the hardcoded vendor branch was the only one that ever ran in five exports), per-field host overrides still work, and four surfaces stopped treating the login/account display name as the clinical provider — including the two report modules that read docname BEFORE providerName
PASS the patient-facing pages name their practice: the portal resolves it from the session instead of two sources that only exist on the doctor's device (proved by executing office() against an empty device, with the pre-fix state as the positive control), intake finally says whose form it is, the appointment page can say which office to call and on what number, and all three still render exactly as before when the backend sends no practice at all
PASS the doctor's custom intake questions reach the patient and the answers come back: all four hops executed (Settings blob -> token endpoint -> rendered form -> chart summary), with the pre-fix state as the positive control, practice-authored text escaped in both the label and the data-q attribute it rides back on, unanswered and orphaned pairs dropped rather than shown, and eight malformed payload shapes leaving the form exactly as it was
PASS the marketing console is not a stale fork: its who() now behaves identically to mls-marketing.html's across five storage states (proved by executing both, with the pre-b385 resolver as the positive control), so the console reads the practice identity the doctor already saved instead of generating a GBP listing summary against an empty practice — and it still refuses to guess when two accounts share a device
PASS the outcome study builds from the charts: "Use my charts" reads window.getPatients() and feeds the existing ingestRows() pipeline, the visit date is resolved by the app's own date||note_date||created_at ladder with the most recent visit winning (precedence and truncation both executed), patients with no date of service are left out AND counted rather than silently dropped, and eight malformed store shapes plus a throwing getPatients leave the button alive
PASS clinical artifacts never sign with the account name: five modules that stamped the LOGIN/account name onto a letterhead, a fax FROM line, a medical-legal "Prepared by", a full-history PDF, an op-note provider blank and an EHR write context now defer to the shared clinicalProviderName resolver — all four identity states executed per module, including the staff login where a verified roster proves the login name is somebody else, plus resolver-absent degradation to a blank, throwing getters, and cache-busting proven for each of the two loader mechanisms. FOUR of the five are live surfaces; feat_mls_legalpack.js is precached by the service worker and executed by nothing, so its fix is dormant and is pinned here as dormant
PASS op-note PDF is filed under the right date: dateForFile read meta.dop, which appMeta() never sets, so EVERY op-note PDF was named with today's date even when the note was written days after the case — while feat_opnote_history_pdf.js was already computing the note's own date and handing it to an exportPdf that read only opts.patient. Eight ladder cases executed (dictated date first, then the note record, then today), "[not dictated]" is never parsed as a date, seven junk inputs do not throw, and the clinical Date of Procedure line in the note BODY is asserted UNMOVED because a creation date printed as a procedure date would be a fabrication
PASS after-visit summary names the practice to call: the handout ended by telling the patient to "contact the clinic" while the source packet carried no practice name and no phone — both sat in Settings and the shared PDF letterhead already read them. They now reach the packet labelled NON-CLINICAL and placed outside the verbatim clinical block, a missing one says NOT CONFIGURED in words rather than leaving a blank a model would fill, seven absent/empty/throwing states leak no undefined and take nothing down, and the prompt forbids inventing OR reformatting a number while every ABSOLUTE RULE and output section is asserted intact
PASS one age for one patient: the Study Groups builder and its cohort-union satellite subtracted birth year from the current year with no birthday adjustment, reporting every patient born later in the year ONE YEAR OLDER than the seven surfaces that resolve age properly — and that same resolver gates cohort INCLUSION, so a 17-year-old reported as 18 was enrolled into an "18 and over" cohort and exported. Both now defer to window.ageFromDob, proven against a FIXED clock across seven DOB shapes and three dates around one birthday, with the year-only de-identified fallback asserted intact for records that carry a year and no birthday
PASS twelve shell documents carry the practice: eight surfaces still read getName() — the device-local login name that is not even synced to the server — including the ELECTRONIC SIGNATURE written into the chart and the letterhead of a prior-auth letter sent to a payer, whose own body already resolved the provider correctly. All eight now use the shared resolver, executed across the four identity states, with the solo-account path asserted intact and the false attestation asserted impossible; and four letterheads that hardcoded the vendor's name and specialty onto documents the practice hands out now resolve from Settings, keeping a last-resort literal so an unconfigured account still renders
PASS payer letters know which payer: the prior-authorisation and appeal letters were addressed to a health plan the packet never named, because it read activePatient() for name, DOB and sex and never touched .insurance — while p.insurance holds the payer, plan and member ID and the Superbill already prints them. Both prompts now receive them, seven absent/empty/throwing states declare "not on file" IN WORDS rather than leaving a blank a model would fill (the member ID being the one field where an invented value would reach an insurer looking real), and the packet is asserted not to have widened beyond those two facts because every field in it is a disclosure decision
PASS printed documents can be filed and answered: printExtra() — the print path for twelve generated documents including the superbill, the IME and the medical-legal report — printed no DOB and no MRN, so none could be filed against a chart, while two sibling builders in the same file already printed exactly that triple. And the printed patient handout said "Call the office" naming neither the office nor a number, one file away from the surface b823 fixed, which its module-scoped test could not protect. Both executed: partial charts print only what is held with no dangling separators, and with nothing configured both outputs are asserted BYTE-IDENTICAL to their pre-change form
PASS the app offers what the visit already decided: the referral letter defaulted to the literal word "Specialist" while this visit's referral order carried the consultant (most-recent wins, chart PCP second, seven fallback shapes still yielding the original literal, an imaging order refused); the dictated letter left the recipient blank for the two medical types though p.history.pcp holds it — prefilled per type so an ATTORNEY never receives a doctor's name, never overwriting what the doctor typed, and marking its own value so it can tell it apart; and four workflow preferences now follow the doctor across devices, with pullVisitBodies and the two layout keys pinned as deliberate exclusions
PASS the premium logo reaches the PDF: the Settings field promised "your logo appears on the printed/PDF letterhead, and the Prepared with MLS line is removed" — browser Print honoured both and NOT ONE jsPDF builder did, so a Premium doctor handed out PDFs with no logo and a vendor footer. The logo is now on the shared letterhead, Premium-gated, accepting ONLY a drawable data: image URL (seven non-drawable shapes refused, including SVG and a remote URL), fitted to the band without squashing; a throwing addImage or getImageProperties leaves the letterhead exactly as it was rather than costing the doctor the export; and the footer drops the BRANDING while keeping the [bracketed]-items safety warning in both states. ALL SIX builders now draw it through ONE owner that returns the space consumed, so a refusal is 0 and no caller can advance past a logo that was not drawn, and each draw is asserted to sit ABOVE the practice name so it cannot land on top of the letterhead text
PASS op-note auto-name: cc = patient — date — procedure at all 3 stored sites, empty-day fail-safe proven in vm, both builders deliver the key, old drafts still adopt
PASS op-note room stage 2b: render wrap proven in vm (callthrough + synchronous onf kick + rails + honest receipt + clean revert), room writes stay in room-owned nodes, healthOf read through its owner
PASS op-note room stage 3: Templates joins the room - reparent on first open, room auto-opens, tabs follow open/close, floating modal adopted at boot, a refusing room falls back to the classic modal, satellites keep their node, clean revert - all proven in vm
PASS op-note room injection points: container attrs, note-slot, template select + badge slot, Draft-all row, mode/day rail, status/empty/list/preview anchors, one-exit + one-sentence empty states - each pinned with the satellite it keeps alive
PASS athena follow bidirectional: fail-closed without pong, missed ping retries, Leg A debounced nav + skip-if-open, Leg B exact follow + loop suppression, pull guard, clean revert - all in vm; bridge verb gated + handled, 3.0.23 stamped and fed
PASS day navigation observes the header: no strategy echoes its target, every out.done is derived from a value read back from the page, both repaired lanes name the day athenaOne is actually showing, the input lane polls within the existing deadline, and the chart-identity verb can no longer answer with silence
PASS day-pull lane convergence: the Visit strip routes through the guarded dayPull (history on, si.pull fallback intact), the day is warmed and the roster re-ingested BEFORE the engine enumerates, onStatus reaches both halves, the account scope imports the columnless Day grid the old provider-less call dropped, and every pre-flight stays advisory - no invented scope, no invented verdict
PASS b749 finished four incomplete b748 fixes: css() runs before the pill early-return (and stays self-guarding), the LIVE workspace toast shares the measured top anchor, the inline chart progress survives the 700ms row rebuild but not the end of its own watch, and the single consumer of the repaired day fields now refuses a date it was told was unverified
PASS the record verb names the patient exactly once: the visit workspace button no longer repeats what the banner already says, the home screen keeps its documented "Start Recording - <patient>" label, and both previously-fixed sources (the ez3fl lane pill and the right-now bar spec) are pinned so a partial fix cannot pass again
PASS history outcomes are recorded and reported honestly: every failing patient now leaves its reason in the day ledger (called from finalizeVerdict, so no pull can exit without a record), the day count and the queue count are both kept so their disagreement is visible, and the ready message reports histories STORED as a fraction of the day and names the gap instead of counting rows it merely walked
PASS the pull verdict is a STORE CENSUS: coverage is measured by resolving every patient of the day - rows AND the unresolved - to its stored record and asking whether that record actually holds clinical content, where a stamp-only summary, a section heading, a placeholder bullet, an encounter index and a dated index shell are all correctly NOT content and vitals correctly ARE; a second census taken before the walk states what this pull itself changed; an unmeasured census says so instead of falling silent; the census is recorded in the day ledger beside the walk counts it contradicts and only by the outer batch; and an empty chart stays a valid saved outcome rather than becoming a failure
PASS live-measured occlusion regressions: no body-variant rule re-imposes a bottom offset on the top-anchored toast (which made it stretch to an 87x1085 column), and the extension-missing banner can no longer build in phone mode, where it covered the day strip, four menu items and the only exit from phone mode
PASS write-back walkthrough: wrap-through, four live steps read from the surface (pick/check/write/verify), refusals never count as written, zero added controls, element-scoped observers, clean revert - all in vm
PASS idle logout knows athena work: changed chart re-arms, parked chart and silence fail closed to the old logout, both paths stamp WHY, the gate says it once in plain words
PASS sliding refresh client: 404-safe pre-deploy, canonical auth, visibility-kicked with a 6h floor, no timers, gate never blocked
PASS sms 2fa client: server-driven method choice, sms-sibling completion, honest resend, password-gated disable, /api/me truth, no phone persistence
PASS pull-visits setting restored: separated Settings home, one stored truth, inline node mirrored, bodies-on default with human choice respected
PASS pull panel calm under fire: built once + painted in place, pill by default, reporter outlives sweeps, store writes batched and sanitize stood down, scoped pulls attribute their provider
PASS writes are unblocked safely: typed notes real, live writes probe-bound, walk-ins demote, verify affordance alive, short notes sendable - and every wrong-chart gate still stands
PASS pull progress feeds modern pull: armed on sweep start, per-patient current, pending rows never read as failed, finalization recounts, sub-batches never reset the bar, legacy state never stolen, pill at bottom-left
PASS phone has a transcript and a way on: top-owns never claims a hidden lane, the :has hide excludes phone, row2 unfolds through the kept disclosure, mic failures are never silent, the dock fits 375px, the ghost burger is gone, and the duplicated chrome stands down
PASS ai-audit safety fixes: both study lanes really de-identify (vm-proven), studio saves only what passed, the record sees op-note bodies, the room retries before floating, the turn sidecar rides the user payload with its caveat, Copilot sees its own note and codes, and first-run widgets have a door
PASS loading vocabulary: page-level primitives on the motion tokens with reduced-motion silence, and the pull panel enters and themes through the same vocabulary
PASS late surfaces stay deferred: 59 tranche modules load idle+async and the retired row observer remains absent
PASS provider default is the signed-in doctor: account outranks scrape, seeds once, never overwrites an explicit name, explicit picks still win, signed-out behavior unchanged
PASS Copilot release loaders: one cache-busted owner per asset and loss-aware context packing installs before requests
PASS Copilot stable dock: one canonical DOM home, no close shuttle, no ready-state polling, and no duplicate composer
PASS Copilot canonical store: request-specific pending tokens and event-driven hint lifecycle without permanent polling
PASS ds-2.0.2: hot upgrades evict the b419 list; every date reuses the native Easy Visit shell; exact rows and date/mode changes stay atomic
PASS Visit date matrix: account-TZ Staff ranges/month defaults, past/tomorrow, month/year/leap/DST arithmetic, midnight follow, dirty guards, and action-state isolation
PASS expert profile: portal-aligned design, fail-closed case/payment actions, stable accessible loading states
PASS Help/Search locations: one canonical directory routes Reviews, Send, Copilot, and natural-language studies to their exact current UI
PASS homepage sales video: selected V5 asset (12291010 bytes), responsive controlled playback
PASS purchasing boundary: no Kickstarter/tokenized rewards, visible held status, and fail-closed planning-price controls
PASS attorney redesign: editorial MLS theme, live released-directory read, fail-closed case intake, portal path, and no report download
PASS held legal production graph and explicit signed-in phone-setup email
PASS local navigation contract: 49 HTML pages have valid local fragment targets and no unhooked dead links
PASS op-note field defaults: account isolation, explicit pinning, canonical Settings, exact-patient history, and one Fields workflow
PASS op-note heading/content fidelity: long heading lines keep headings, first-pass success, reanchor keeps clinical content, past-note templates sanitized, chart fills history/diagnosis (incl. raw Onset extraction), fixed-wording procedure lines survive
PASS op-note integrity audit regressions: sole-template signal, custom headings, prior-name scrub, and verified deterministic chart slots
PASS op-note integrity hardening: repeated PHI scrub, contradictory binding rejection, selected-template identity, generic ESI, short literals, and UI scope
PASS live op-note findings: final generator ownership, NPI safety, production/staging order, and patient-specific visit UI
PASS staging op-note parity: account-frozen prefs, one Fields owner, exact row/template identity, and facility/address separation
PASS op-note template integrity: exact class matching, exact-patient history, sticky manual picks, one repair, and fail-closed structure fidelity
PASS op-note workflow hardening: appointment provider/facility carried, template staleness remembered, diagnosis relevance gated, attestation restored, real failure reasons surfaced, drafts resume without duplicates, machine fills are not clinician edits, cross-patient history gated, deep-target needle default, dialog a11y + honest sync status
PASS op-note dictate & fill: prompt contract (states + normalization + no guessing), tolerant parsing, never-overwrite planning with explicit-confirm corrections, pinned capture engine reuse, honest AI-failure recovery, field-path apply
PASS patient bar keeps one layout across periodic chip refreshes
PASS recent chip stays mounted with stable width through hydration, refresh churn, and zero-recent states
PASS patient banner: one control (the name opens the chart), a three-level allowlist that hides every other chip however it mounts, Athena silent unless failing, and five evicted modules keeping only their legacy bar
PASS recording/AI visibility: honest resume state, stateful assistant mic on the real panel, bounded generation with visible timeout
PASS documents: accessible paste dialog with frozen patient id, date/negative-preserving analysis, med-aware dedupe
PASS orders validation: required fields per type, blank required select, itemized refusals, invalid drafts quarantined from every downstream action
PASS intake kiosk: accessible password-gated exit with visible errors, Back stays safely inside intake
PASS settings/analytics/navigation truth: search fallback, display sync, extension-version honesty, label-anchored analytics, phone landing, honest tour, template routing, reconciled patient totals
PASS extension badge: no static currency claim, "up to date" only behind handshake + comparison, missing handshake reported honestly, poll waits for the answer
PASS op-note draft quarantine: PDF/routing/sign gates fail closed on unresolved placeholders, and visit counters exclude drafts with id-reconciled seen-today
PASS freeze resistance: bounded+cancellable generation refresh burst, settlement events on every generate exit, and self-feedback-proofed whole-document observers
PASS no-native-dialogs: 219 production scripts clean, promise helpers keyboard/focus/ARIA-complete with native prompt parity
PASS provider-simultaneous safety: 219 scripts free of provider-activity extension gating, 14 bridge message types all non-disabling, and the no-yank focus-return mechanism pinned
PASS recording consent gate: capture blocked before consent on both mic paths, verbal/representative allow, declined/cancel/Escape refuse, per-encounter memory with patient+encounter invalidation and reconfirm, exact audit record, fail-closed logging, no audio stored
PASS ui polish + costs: affordable-only model picker with migration, live sign-in-prompt triggers, un-buried progress chip and provider chip, collapsing Menu pill, dark-theme equalizer
PASS patient picker canonical identity: patient.id first; stale IDs, mismatched DOBs, and duplicate fallbacks fail closed
PASS Patient Reach v2: one owner, true rail views, compact dialogs, and stale-patient-safe delegation
PASS public button wiring: 27 inline controls across 13 non-extension pages
PASS public inline-handler contract: 1935 non-extension control handlers resolve to page or linked-script functions
PASS scoped lifecycle watchers: Visit, Patients, Studio, patient picker, and Settings no longer own page-wide recurring work
PASS full-site audit regressions: mobile ownership, loading access, public profile hygiene, booking truth, and demo storage
PASS site continuity: 13 inline scripts, practice time, guided highlight, exact op-note history, legal matching, and stable patient-bar chip slot
PASS loading-states contract: named boot readiness (self-clearing), real retry progress, three-state sync chips with live refresh, single shared Tools fold on both surfaces, gated opt-out auto-advance, and act-local template previews
PASS visit quick tools: one visible Tools surface while the lane owns the top, both toggles intact, class-hide not inline
study-natural-request-comparison: ok
study-natural-request-identity-adversarial: ok
study-natural-request-inmemory-contract: ok
study-natural-request-parser: ok
study-natural-request-privacy-adversarial: ok
PASS template application, always-add standard lines, and manual insert runtime
PASS tooltip single-source contract: duplicates suppressed, confusing controls explained, tabs excluded
PASS UI single owners: easy recorder, exact portal action, account access, and How-To are consolidated
PASS ui-control-coverage: 1233 active controls (99 gated) reach-checked across 2 shells [classic, calm]
PASS visit-control continuity: fixed voice row, in-place Quick Tool dialogs, stable day-progress header
PASS Visit selected-day ownership: one Easy shell owns Home, Choose, quick strip, and snapshots; recording/unsigned drafts fail closed
PASS scheduled Visit binding: one exact Athena appointment/date/provider context is installed before actions; missing/conflicting rows fail closed and XDC is preserved
PASS exact scheduled action gate: a proven binding records bound, an unproven one demotes to unscheduled with the binding cleared, and a cross-patient conflict still blocks outright
PASS visible clinical action ownership: 8 raw record/generate DOM routes are hidden/contained, 2 review routes stay supervised, and 7 visible proxy families terminate in exact-gated engine sinks
PASS Visit selection restore: stable namespaces or unique name+DOB only; stale, duplicate, and contradictory patients fail closed
PASS prep summary clinical negatives: PROBLEMS/MEDICATIONS/VITALS/HISTORY describe the record, ALLERGIES names its uncertainty
PASS calm shell generic naming: every-control subtraction, scoped to the visible view, with the measurements that rejected both narrower derivations
PASS settings preview/commit contract: all five Display controls preview and commit on Save, closing restores, ordering is storage-before-apply
PASS calm shell return path: leaving the redesign is reversible from the UI, never before auth, and not from the error path
PASS patient-surfaces-clip-nothing-and-stop-moving: the portal record expands to its full height with no layout animation, and every phone animation honours prefers-reduced-motion while the recording colour does not
PASS review-step-never-fails-silently: an account that cannot reach the Athena review is told so, the check reads inline display only, and the message names a real route
PASS modal-focus-goes-in-and-comes-back: focus enters every .modal-bg and is returned on close, captured once, verified still-alive before restore, and the observer cannot storm
PASS motion-system-costs-no-layout: one vocabulary (4 durations, 3 easings), transform/opacity only, rebuild hosts and typing surfaces excluded, and the whole system switches off under prefers-reduced-motion
PASS dark-theme-reaches-every-panel: parity engine identical in 2 shells, scoping keeps source specificity, chroma classifies neutrals, text keeps its rank, translucent highlights and 5 excluded surfaces are protected, no interval and no subtree observer, and light mode does not run it
PASS one-heading-system: three ranks (serif 500/28, sans 600/20, sans 600/15) declared identically in 2 shells, no page-level bold heading survives, and the 5 module-level !important escapes stay out-specified
PASS one-radius-scale: 4 tokens published in 2 shells, no off-scale declaration in either, and the runtime pass (rules + inline, source specificity, thresholds 13/19/100) is intact — 16 distinct rendered radii down to 7
PASS motion-tokens-are-page-level-and-cannot-strand: 7 tokens declared in 2 page(s) and agreeing with the shell copy, 37 fade-in keyframes across 44 shipped assets carry no backwards fill, modal entrance is transform/opacity only and clears under prefers-reduced-motion
PASS motion-that-cannot-run-is-not-motion: motion block is page-level (266 literals, depth 0), the stage rail updates in place with toggle and a composited connector, and the Copilot drawer computes a starting style before .open on both pages
PASS motion-system-contract: mo-1.0.0 emits ONE stylesheet (10286 chars, 36 rules, 10 keyframes) and revert() removes it, the body class and the global; all 20 moving rules are covered by prefers-reduced-motion (28 selectors killed); the only animated properties are --mls-mox-angle / opacity / transform; 5 decorative layers all declare pointer-events:none; the Siri ring keys off #copilotDock.open, which openCopilotDock() really adds on both pages; no timer, no rAF and no observer in the module; loader is idle-deferred with a deterministic cache token
PASS voice-cluster retired: builds nothing, class-hides three pills with routes preserved, owns no recognizer, revert() intact
PASS review-is-a-review-not-just-orders: Review offers the note, orders and recommendations; the note never becomes its landing tab, never keeps it alive alone, and Sign is never proxied
PASS phone capture survival: screen wake lock held while recording, re-armed on return to visibility, released when idle, no new timer, and the iOS mic instruction names a route that exists
PASS phone install contract: stable id, root-scoped start_url, manifest theme matches the shell, 4 icons verified on disk at their declared pixel sizes, and the phone-mode URL opens offline
PASS the phone dock fits and touch targets reach 44px: the dock-fit rule is scoped to the MEASURED failure zone (max-width:346px - overflow is 0 at vw 347 and -13 at vw 360) and leaves the fixed-position stacking context alone; four tap targets identified from the live DOM rather than guessed selectors are raised with min-* only so the focused-search rule still wins; the date-family iOS-zoom gap is closed with the original blanket intact; and every rule is confined to a max-width media block so desktop cannot see any of it
  ok   A: section-visibility gate is open/closed symmetric (no innerText)
  ok   B: the fold handler matches the header by closest, not identity
  ok   C: one delegated document listener, not a listener per header node
  ok   D: the section body can be revealed even under the Calm Shell fold CSS
  ok   E: the Calm Shell stands down on rows that are already disclosures

pf2-fold-contract: all assertions passed
PASS the chart-row status glyphs are not mojibake: the loading, success and failure states of the pull-chart row announce themselves with ASCII \uXXXX escapes (21BB / 2713 / 26A0) that survive the latin1 round-trip this file requires, mls-connect.js carries zero invalid UTF-8 sequences, and the three raw bytes that shipped as a broken loading glyph and an INVISIBLE success message cannot return. NOTE: this pins the announcement only - whether the pull starts, and inline progress, are the rest of #41 and are not addressed
PASS pull-visits check mark has a reachable home: Tools row RESOLVES (executed, not grepped), targets #setPullVisitBodies in Settings, revealed not fired, one stored truth intact
PASS relay full-notes choice travels: phone control -> payload -> agent -> pull() -> importer, override consulted before the device preference, scoped to one pull, cleared on success and failure, and part of the dedupe identity
PASS relay phone claims only what it sees: counts real appointments after the calendar re-read, reports unknown when the month is not loaded, never turns "cannot see" into "failed", and the unverifiable "synced here" assertion is gone
PASS secondary text is a theme token: 4 retired greys absent from 271 app files, light --muted #636E66 agrees across both declarations and clears AA on all 8 app surfaces (worst 4.75:1)
PASS headings do not swallow their controls: 45 <h2> blocks scanned, 22 heading(s) with controls carry an explicit accessible name, 0 unguarded
PASS visit-focus keeps every route: 28 hide rules, 28 named routes, 0 inline hides, 0 rules outside the two views
PASS visit voice one expands never decides: 3 named options, 9 real controls behind them, 0 recognizers owned, 0 floating, 0 timers, class-hide only
PASS chart noise never renders as a medication: 7 furniture rows dropped, 5 real medications kept, 2 sigs re-attached, 4 unclassified rows folded and ON SCREEN, receipts untouched, 0 controls, 0 idle rewrites
triage-clinical-rows-never-vanish: PASS
PASS voice reaches one Copilot brain: 3 recognizer owners in the truce, router owns 0 recognizers/0 leases/0 patterns, mic bridge stands down, and one utterance renders exactly 1 user bubble (2 with the de-duplicator removed — the control)
PASS capture and turns are honest: ambient policy is NS/AEC off + AGC on with getSettings receipts (not claims), turns are pause boundaries marked assumed, the raw transcript survives labelling byte-for-byte, and the note prompt treats labels as hypotheses
  onf version: onf-2.13.0
  stored key   : sf_u::doctor-a@example.test::opFieldDefaultsUserV1
  stored shape : {"schema":1,"fields":{"needle_gauge":{"label":"needle gauge","value":"22-gauge, 3.5-inch","updatedAt":1785893445185}}}
  ROUND TRIP  : PASS (button -> store -> new row, same session)
  RELOAD      : PASS
  scope       : pinned on a lumbar ESI, applied to a shoulder injection — one global slug per label,
                and it renders inside the collapsed "filled automatically" fold.
  identity    : slug = lowercase(label) with [^a-z0-9]+ -> "_"; a template label rename silently
                orphans the pin and the orphan stays in the store with no surface that lists it.
  PREF_SYNC_KEYS count: 40
  sign-out purge removed 2 account keys, including BOTH default stores.
  pinned "Paramedian", template says "Transforaminal" -> the note gets Transforaminal,
  the chip says "overrode your default", Change/Stop render, and "Your default:
  Paramedian — use" restores the pin with one click.
  proc "Left knee injection": amber "Left" suggestion in the ASK list; pinning side/level
  is REFUSED, so a stored "Right" can never silently fill a left-side note.
  20 of 28 real [FILL:] labels offer "Use every time".
  refused: side, laterality, level, levels, consent details, patient name, date of procedure, diagnosis

  ================= MEASURED RESULT =================
  same session      : PIN APPLIES      (button -> store -> new row)
  after reload      : PIN APPLIES      (localStorage, account-scoped)
  after SIGN-OUT    : PIN SURVIVES and is restored from the account
     logout() -> __mlsClinicalStatePurge.purge() still removes every
     sf_u::<email>::* key (clinical-state-purge.js:41-47) — unchanged —
     but PREF_SYNC_KEYS now carries opFieldDefaultsUserV1 alongside
     opFieldDefaultsV1, so BOTH tiers come back on the next sign-in.
     Same path fires on the 15-minute idle logout (ScribeFlow.html:8029)
     and on token expiry (ScribeFlow.html:7036-7038); neither asks, and
     neither now costs the doctor their pins.
     WAS: tier 1 (what the app observed) came back and tier 2 (what the
     doctor instructed) did not. feat_mls_opnote_fill.js:670 already called
     syncPrefsToServer() on every pin, so the push ran and carried nothing —
     which is what kept the gap invisible.
  template speaks   : the template still wins (tier-2 contract), but LOUDLY —
                      the chip reads "from template — overrode your default",
                      Change/Stop render, and "Your default: … — use" restores
                      the pin with one click (onf-2.12.0).
  side / level      : NO LONGER PINNABLE (onf-2.12.0) — laterality, level and
                      site follow the procedure; a stored pin is refused at
                      read AND write, so a wrong-side fill cannot happen.
  ==================================================

PASS use-every-time round trip: writer, reader, reload and SIGN-OUT SURVIVAL proven by
     execution; the template override is now visible+reversible and the laterality
     pin is refused — both proven the same way.
PASS nav holds still: the 4 lead labels have one owner, the order has one owner, 9 alternating passes of both real label writers reach a fixpoint, and the control configuration still oscillates across 2 forms so the detector is proven awake (was 26 label flips + 22 order flips per 20 idle seconds)
PASS typing does not force layout: 80 input events in one frame cause 0 layouts before the frame and exactly 1 measurement in it, 5 changing frames still measure 5 times, idle re-fits measure 0, and the box is still sized to its content (was 7.1 ms/char, now 0.14)
PASS all 475 local regression suites
